이동인구(합),출발 시군구 코드,도착 시군구 코드
746349.08,종로구,종로구
220398.92,종로구,중구
44346.62,종로구,용산구
35802.9,종로구,성동구
13878.7,종로구,광진구
48713.66,종로구,동대문구
8734.789999999999,종로구,중랑구
96021.53,종로구,성북구
19144.09,종로구,강북구
11919.2,종로구,도봉구
15253.71,종로구,노원구
40759.09,종로구,은평구
105593.36,종로구,서대문구
41677.72,종로구,마포구
6194.51,종로구,양천구
15578.94,종로구,강서구
8866.4,종로구,구로구
6664.83,종로구,금천구
35046.55,종로구,영등포구
9894.0,종로구,동작구
9325.37,종로구,관악구
44073.88,종로구,서초구
68230.75,종로구,강남구
21470.66,종로구,송파구
8526.38,종로구,강동구
486.79,종로구,부산광역시
497.78,종로구,대구광역시
9046.87,종로구,중구
180.67,종로구,동구
1220.5,종로구,남구
1314.7,종로구,연수구
1499.68,종로구,남동구
1702.73,종로구,부평구
832.47,종로구,계양구
2912.77,종로구,서구
979.46,종로구,강화군
90.33,종로구,옹진군
280.06,종로구,광주광역시
1090.07,종로구,대전광역시
138.05,종로구,울산광역시
390.87,종로구,세종특별자치시
1071.0,종로구,장안구
905.61,종로구,권선구
913.46,종로구,팔달구
1722.77,종로구,영통구
2841.81,종로구,수정구
1018.67,종로구,중원구
8748.67,종로구,분당구
5974.4,종로구,의정부시
1619.31,종로구,만안구
2284.56,종로구,동안구
4748.55,종로구,부천시
1511.61,종로구,광명시
780.73,종로구,평택시
821.67,종로구,동두천시
457.32,종로구,상록구
1542.53,종로구,단원구
17862.59,종로구,덕양구
5526.22,종로구,일산동구
3112.86,종로구,일산서구
3251.32,종로구,과천시
3359.62,종로구,구리시
8435.15,종로구,남양주시
386.75,종로구,오산시
1482.87,종로구,시흥시
1282.33,종로구,군포시
859.38,종로구,의왕시
3807.6,종로구,하남시
1984.57,종로구,용인시
2372.37,종로구,용인시
1619.72,종로구,용인시
7427.83,종로구,파주시
1517.05,종로구,이천시
855.25,종로구,안성시
3208.74,종로구,김포시
3503.25,종로구,화성시
2420.92,종로구,광주시
4958.38,종로구,양주시
2161.08,종로구,포천시
902.75,종로구,여주시
657.5699999999999,종로구,연천군
2327.62,종로구,가평군
2543.97,종로구,양평군
5136.44,종로구,강원도
2805.52,종로구,충청북도
4227.32,종로구,충청남도
806.8199999999999,종로구,전라북도
374.62,종로구,전라남도
1040.36,종로구,경상북도
338.81,종로구,경상남도
263.02,종로구,제주특별자치도
159898.49,중구,종로구
661859.18,중구,중구
81132.17,중구,용산구
107133.59,중구,성동구
18072.15,중구,광진구
42471.29,중구,동대문구
9662.19,중구,중랑구
36746.24,중구,성북구
15774.28,중구,강북구
8497.39,중구,도봉구
14069.9,중구,노원구
15264.38,중구,은평구
52901.09,중구,서대문구
40660.95,중구,마포구
5768.84,중구,양천구
13602.23,중구,강서구
9765.89,중구,구로구
6121.02,중구,금천구
39059.48,중구,영등포구
11566.64,중구,동작구
9690.86,중구,관악구
51916.89,중구,서초구
88284.33,중구,강남구
25040.28,중구,송파구
11190.22,중구,강동구
1498.96,중구,부산광역시
1286.5,중구,대구광역시
11803.56,중구,중구
276.6,중구,동구
1294.76,중구,남구
1344.23,중구,연수구
1118.5,중구,남동구
2242.56,중구,부평구
1340.08,중구,계양구
2791.4,중구,서구
492.38,중구,강화군
29.07,중구,옹진군
518.53,중구,광주광역시
1865.25,중구,대전광역시
397.23,중구,울산광역시
785.29,중구,세종특별자치시
777.07,중구,장안구
1182.76,중구,권선구
1032.93,중구,팔달구
2352.5,중구,영통구
4082.56,중구,수정구
1961.96,중구,중원구
10938.98,중구,분당구
5682.93,중구,의정부시
1793.14,중구,만안구
2887.02,중구,동안구
5643.78,중구,부천시
2119.83,중구,광명시
1355.86,중구,평택시
710.1899999999999,중구,동두천시
764.2,중구,상록구
1509.74,중구,단원구
9241.84,중구,덕양구
4157.48,중구,일산동구
2560.32,중구,일산서구
4039.9,중구,과천시
3274.29,중구,구리시
9124.26,중구,남양주시
569.91,중구,오산시
1706.61,중구,시흥시
1247.1,중구,군포시
1224.54,중구,의왕시
6304.14,중구,하남시
2885.97,중구,용인시
3280.19,중구,용인시
1660.21,중구,용인시
5228.81,중구,파주시
1315.74,중구,이천시
1083.93,중구,안성시
3598.99,중구,김포시
4313.99,중구,화성시
3254.64,중구,광주시
2955.11,중구,양주시
1756.49,중구,포천시
886.98,중구,여주시
292.65,중구,연천군
1854.35,중구,가평군
2090.51,중구,양평군
5373.49,중구,강원도
2706.19,중구,충청북도
4583.0,중구,충청남도
1011.58,중구,전라북도
777.69,중구,전라남도
1687.78,중구,경상북도
851.46,중구,경상남도
263.52,중구,제주특별자치도
104002.88,용산구,종로구
207933.4,용산구,중구
821761.45,용산구,용산구
48971.75,용산구,성동구
17890.78,용산구,광진구
22004.71,용산구,동대문구
7634.29,용산구,중랑구
24279.95,용산구,성북구
10223.99,용산구,강북구
6192.15,용산구,도봉구
10055.08,용산구,노원구
15641.42,용산구,은평구
70422.08,용산구,서대문구
135166.32,용산구,마포구
11248.33,용산구,양천구
28927.77,용산구,강서구
18690.34,용산구,구로구
14206.27,용산구,금천구
104247.21,용산구,영등포구
46964.1,용산구,동작구
24232.28,용산구,관악구
129640.94,용산구,서초구
146612.82,용산구,강남구
31135.37,용산구,송파구
10361.85,용산구,강동구
1009.53,용산구,부산광역시
761.03,용산구,대구광역시
15687.87,용산구,중구
383.09,용산구,동구
2577.12,용산구,남구
3518.24,용산구,연수구
2238.89,용산구,남동구
3993.75,용산구,부평구
2332.42,용산구,계양구
6455.99,용산구,서구
1022.7,용산구,강화군
119.21,용산구,옹진군
1323.83,용산구,광주광역시
3258.39,용산구,대전광역시
248.93,용산구,울산광역시
1715.5,용산구,세종특별자치시
2062.22,용산구,장안구
1460.47,용산구,권선구
1819.75,용산구,팔달구
6015.73,용산구,영통구
6402.82,용산구,수정구
1695.77,용산구,중원구
19090.06,용산구,분당구
3707.86,용산구,의정부시
3009.72,용산구,만안구
7896.01,용산구,동안구
11228.61,용산구,부천시
5130.93,용산구,광명시
4580.69,용산구,평택시
763.96,용산구,동두천시
1208.94,용산구,상록구
3543.99,용산구,단원구
15393.58,용산구,덕양구
8449.19,용산구,일산동구
4853.52,용산구,일산서구
10924.68,용산구,과천시
3923.98,용산구,구리시
8578.289999999999,용산구,남양주시
795.87,용산구,오산시
2868.26,용산구,시흥시
2896.85,용산구,군포시
2514.72,용산구,의왕시
4792.89,용산구,하남시
4209.49,용산구,용인시
6332.52,용산구,용인시
2250.66,용산구,용인시
9918.16,용산구,파주시
3127.24,용산구,이천시
1373.22,용산구,안성시
5882.17,용산구,김포시
7847.39,용산구,화성시
4943.77,용산구,광주시
3157.53,용산구,양주시
1930.96,용산구,포천시
1840.54,용산구,여주시
505.98,용산구,연천군
2790.77,용산구,가평군
2947.38,용산구,양평군
8860.73,용산구,강원도
4041.44,용산구,충청북도
8406.15,용산구,충청남도
2483.47,용산구,전라북도
1959.26,용산구,전라남도
1571.76,용산구,경상북도
611.86,용산구,경상남도
351.73,용산구,제주특별자치도
128089.7,성동구,종로구
280524.54,성동구,중구
76360.27,성동구,용산구
1091170.79,성동구,성동구
167196.54,성동구,광진구
181057.3,성동구,동대문구
32605.29,성동구,중랑구
45171.36,성동구,성북구
15520.73,성동구,강북구
10857.46,성동구,도봉구
22331.15,성동구,노원구
9828.4,성동구,은평구
37445.8,성동구,서대문구
38534.85,성동구,마포구
6306.07,성동구,양천구
19108.01,성동구,강서구
14350.96,성동구,구로구
10104.07,성동구,금천구
61524.41,성동구,영등포구
15645.53,성동구,동작구
13248.31,성동구,관악구
122869.11,성동구,서초구
311974.13,성동구,강남구
79901.45,성동구,송파구
38468.8,성동구,강동구
412.84,성동구,부산광역시
376.83,성동구,대구광역시
11518.38,성동구,중구
215.06,성동구,동구
1025.16,성동구,남구
2080.1,성동구,연수구
2178.91,성동구,남동구
2069.41,성동구,부평구
1318.56,성동구,계양구
3574.27,성동구,서구
952.69,성동구,강화군
190.48,성동구,옹진군
266.63,성동구,광주광역시
1844.4,성동구,대전광역시
200.37,성동구,울산광역시
706.21,성동구,세종특별자치시
1340.32,성동구,장안구
1760.88,성동구,권선구
1091.24,성동구,팔달구
4518.86,성동구,영통구
11884.04,성동구,수정구
5906.96,성동구,중원구
31103.35,성동구,분당구
7884.58,성동구,의정부시
2007.57,성동구,만안구
5862.5,성동구,동안구
5628.4,성동구,부천시
2912.49,성동구,광명시
2339.4,성동구,평택시
1219.85,성동구,동두천시
1023.39,성동구,상록구
2074.55,성동구,단원구
8339.95,성동구,덕양구
4712.59,성동구,일산동구
2450.28,성동구,일산서구
6418.62,성동구,과천시
10794.85,성동구,구리시
25986.49,성동구,남양주시
854.84,성동구,오산시
1922.34,성동구,시흥시
2152.28,성동구,군포시
2266.14,성동구,의왕시
16154.32,성동구,하남시
5283.74,성동구,용인시
6372.32,성동구,용인시
2754.47,성동구,용인시
6095.11,성동구,파주시
4149.27,성동구,이천시
2270.71,성동구,안성시
3916.96,성동구,김포시
8846.53,성동구,화성시
8895.49,성동구,광주시
5293.05,성동구,양주시
5895.19,성동구,포천시
2332.89,성동구,여주시
403.52,성동구,연천군
3694.93,성동구,가평군
7130.79,성동구,양평군
11259.42,성동구,강원도
5564.19,성동구,충청북도
6749.11,성동구,충청남도
1383.33,성동구,전라북도
613.13,성동구,전라남도
1488.94,성동구,경상북도
265.37,성동구,경상남도
439.31,성동구,제주특별자치도
79223.04,광진구,종로구
126679.58,광진구,중구
36897.47,광진구,용산구
272004.28,광진구,성동구
1366146.95,광진구,광진구
106405.47,광진구,동대문구
79106.49,광진구,중랑구
24300.53,광진구,성북구
11042.05,광진구,강북구
10386.29,광진구,도봉구
29500.88,광진구,노원구
6241.41,광진구,은평구
27147.37,광진구,서대문구
33176.65,광진구,마포구
5548.52,광진구,양천구
17918.35,광진구,강서구
16552.2,광진구,구로구
13635.83,광진구,금천구
51470.42,광진구,영등포구
20369.61,광진구,동작구
18166.21,광진구,관악구
135511.9,광진구,서초구
386003.15,광진구,강남구
192862.84,광진구,송파구
99943.22,광진구,강동구
458.2,광진구,부산광역시
391.78,광진구,대구광역시
11144.41,광진구,중구
196.69,광진구,동구
1060.54,광진구,남구
2080.75,광진구,연수구
1407.78,광진구,남동구
1699.56,광진구,부평구
1106.26,광진구,계양구
3180.97,광진구,서구
1060.46,광진구,강화군
133.97,광진구,옹진군
241.18,광진구,광주광역시
2033.75,광진구,대전광역시
105.53,광진구,울산광역시
699.53,광진구,세종특별자치시
1706.12,광진구,장안구
1779.76,광진구,권선구
1335.25,광진구,팔달구
4667.49,광진구,영통구
17018.98,광진구,수정구
7398.03,광진구,중원구
33519.77,광진구,분당구
9711.38,광진구,의정부시
2114.61,광진구,만안구
6813.69,광진구,동안구
5227.54,광진구,부천시
2167.38,광진구,광명시
2659.66,광진구,평택시
1219.27,광진구,동두천시
1285.01,광진구,상록구
2896.68,광진구,단원구
4801.23,광진구,덕양구
3621.21,광진구,일산동구
2280.57,광진구,일산서구
6698.08,광진구,과천시
31887.7,광진구,구리시
48381.37,광진구,남양주시
764.66,광진구,오산시
2358.39,광진구,시흥시
2352.31,광진구,군포시
3057.97,광진구,의왕시
37443.94,광진구,하남시
6465.63,광진구,용인시
7256.81,광진구,용인시
4648.83,광진구,용인시
5143.55,광진구,파주시
7051.58,광진구,이천시
2270.84,광진구,안성시
3490.23,광진구,김포시
9037.35,광진구,화성시
15073.64,광진구,광주시
5905.3,광진구,양주시
8648.47,광진구,포천시
3806.23,광진구,여주시
1047.27,광진구,연천군
5633.21,광진구,가평군
7871.46,광진구,양평군
15204.86,광진구,강원도
8103.12,광진구,충청북도
6560.52,광진구,충청남도
2080.31,광진구,전라북도
575.52,광진구,전라남도
1981.53,광진구,경상북도
375.55,광진구,경상남도
259.52,광진구,제주특별자치도
173875.72,동대문구,종로구
189110.37,동대문구,중구
47322.71,동대문구,용산구
232637.83,동대문구,성동구
93057.55,동대문구,광진구
1276787.78,동대문구,동대문구
135617.05,동대문구,중랑구
154275.3,동대문구,성북구
29030.8,동대문구,강북구
26733.3,동대문구,도봉구
64613.47,동대문구,노원구
11409.28,동대문구,은평구
32519.76,동대문구,서대문구
38951.06,동대문구,마포구
5911.39,동대문구,양천구
19113.33,동대문구,강서구
13207.29,동대문구,구로구
10922.27,동대문구,금천구
49445.23,동대문구,영등포구
14552.62,동대문구,동작구
10841.36,동대문구,관악구
71907.42,동대문구,서초구
168736.82,동대문구,강남구
63707.09,동대문구,송파구
37534.78,동대문구,강동구
448.07,동대문구,부산광역시
334.61,동대문구,대구광역시
11804.34,동대문구,중구
122.6,동대문구,동구
1284.42,동대문구,남구
2381.32,동대문구,연수구
1312.07,동대문구,남동구
1799.07,동대문구,부평구
813.39,동대문구,계양구
2821.49,동대문구,서구
928.23,동대문구,강화군
159.92,동대문구,옹진군
265.75,동대문구,광주광역시
1493.2,동대문구,대전광역시
98.12,동대문구,울산광역시
549.88,동대문구,세종특별자치시
1154.71,동대문구,장안구
1155.22,동대문구,권선구
935.24,동대문구,팔달구
2192.96,동대문구,영통구
8589.29,동대문구,수정구
3741.58,동대문구,중원구
17688.4,동대문구,분당구
17217.97,동대문구,의정부시
2177.35,동대문구,만안구
5386.15,동대문구,동안구
6245.65,동대문구,부천시
2000.22,동대문구,광명시
2137.94,동대문구,평택시
2350.82,동대문구,동두천시
640.11,동대문구,상록구
1945.11,동대문구,단원구
10237.5,동대문구,덕양구
4605.91,동대문구,일산동구
2677.41,동대문구,일산서구
4602.08,동대문구,과천시
19519.2,동대문구,구리시
47290.11,동대문구,남양주시
1098.79,동대문구,오산시
2191.04,동대문구,시흥시
1375.92,동대문구,군포시
2042.81,동대문구,의왕시
18071.19,동대문구,하남시
4057.33,동대문구,용인시
5133.04,동대문구,용인시
2550.24,동대문구,용인시
6399.84,동대문구,파주시
4284.89,동대문구,이천시
1751.8,동대문구,안성시
3498.05,동대문구,김포시
5710.66,동대문구,화성시
7566.9,동대문구,광주시
11795.5,동대문구,양주시
8283.52,동대문구,포천시
1998.24,동대문구,여주시
1376.17,동대문구,연천군
5472.01,동대문구,가평군
9632.03,동대문구,양평군
15650.3,동대문구,강원도
5533.6,동대문구,충청북도
6216.61,동대문구,충청남도
1140.97,동대문구,전라북도
558.04,동대문구,전라남도
2563.2,동대문구,경상북도
585.63,동대문구,경상남도
286.12,동대문구,제주특별자치도
86025.39,중랑구,종로구
111269.35,중랑구,중구
38413.2,중랑구,용산구
128720.79,중랑구,성동구
145680.85,중랑구,광진구
251988.4,중랑구,동대문구
1275848.55,중랑구,중랑구
57351.2,중랑구,성북구
21513.06,중랑구,강북구
29007.76,중랑구,도봉구
183585.26,중랑구,노원구
6689.21,중랑구,은평구
20498.37,중랑구,서대문구
31027.92,중랑구,마포구
4227.45,중랑구,양천구
15048.98,중랑구,강서구
12804.55,중랑구,구로구
12961.79,중랑구,금천구
38709.31,중랑구,영등포구
14430.0,중랑구,동작구
11851.85,중랑구,관악구
98265.78,중랑구,서초구
241621.63,중랑구,강남구
76264.77,중랑구,송파구
48578.76,중랑구,강동구
259.93,중랑구,부산광역시
254.45,중랑구,대구광역시
6539.1,중랑구,중구
95.31,중랑구,동구
1275.39,중랑구,남구
1528.5,중랑구,연수구
1377.64,중랑구,남동구
1728.2,중랑구,부평구
828.31,중랑구,계양구
2879.22,중랑구,서구
939.03,중랑구,강화군
234.13,중랑구,옹진군
231.36,중랑구,광주광역시
1490.73,중랑구,대전광역시
52.06,중랑구,울산광역시
384.25,중랑구,세종특별자치시
958.53,중랑구,장안구
1433.07,중랑구,권선구
980.89,중랑구,팔달구
2224.16,중랑구,영통구
8430.32,중랑구,수정구
4311.68,중랑구,중원구
19676.03,중랑구,분당구
21937.93,중랑구,의정부시
2116.8,중랑구,만안구
5235.11,중랑구,동안구
4500.73,중랑구,부천시
2377.18,중랑구,광명시
2127.27,중랑구,평택시
3108.05,중랑구,동두천시
696.96,중랑구,상록구
1492.9,중랑구,단원구
7280.39,중랑구,덕양구
4380.47,중랑구,일산동구
2551.66,중랑구,일산서구
4860.71,중랑구,과천시
63403.38,중랑구,구리시
129946.64,중랑구,남양주시
717.8199999999999,중랑구,오산시
2186.68,중랑구,시흥시
1882.85,중랑구,군포시
1349.74,중랑구,의왕시
25856.78,중랑구,하남시
4085.27,중랑구,용인시
4112.03,중랑구,용인시
2209.33,중랑구,용인시
5665.51,중랑구,파주시
5737.03,중랑구,이천시
2054.82,중랑구,안성시
3552.3,중랑구,김포시
6080.55,중랑구,화성시
10280.86,중랑구,광주시
13312.42,중랑구,양주시
17335.9,중랑구,포천시
2512.02,중랑구,여주시
1502.27,중랑구,연천군
9291.39,중랑구,가평군
11570.1,중랑구,양평군
17744.93,중랑구,강원도
6325.28,중랑구,충청북도
5993.95,중랑구,충청남도
1277.89,중랑구,전라북도
501.94,중랑구,전라남도
1794.77,중랑구,경상북도
322.58,중랑구,경상남도
297.57,중랑구,제주특별자치도
374433.13,성북구,종로구
271527.13,성북구,중구
71744.22,성북구,용산구
97630.35,성북구,성동구
37475.04,성북구,광진구
224321.81,성북구,동대문구
49673.26,성북구,중랑구
1545515.45,성북구,성북구
238218.83,성북구,강북구
68419.21,성북구,도봉구
139855.58,성북구,노원구
20293.78,성북구,은평구
57180.91,성북구,서대문구
56639.44,성북구,마포구
6539.34,성북구,양천구
23112.47,성북구,강서구
18470.51,성북구,구로구
13756.24,성북구,금천구
69919.0,성북구,영등포구
18980.99,성북구,동작구
15462.97,성북구,관악구
93504.91,성북구,서초구
163211.74,성북구,강남구
49701.58,성북구,송파구
20640.93,성북구,강동구
532.3,성북구,부산광역시
524.24,성북구,대구광역시
13177.91,성북구,중구
334.96,성북구,동구
1756.63,성북구,남구
2298.07,성북구,연수구
1548.85,성북구,남동구
2460.07,성북구,부평구
1360.51,성북구,계양구
4772.36,성북구,서구
1251.63,성북구,강화군
197.08,성북구,옹진군
289.27,성북구,광주광역시
1962.05,성북구,대전광역시
140.25,성북구,울산광역시
767.4,성북구,세종특별자치시
1785.68,성북구,장안구
1579.8,성북구,권선구
919.17,성북구,팔달구
2393.35,성북구,영통구
8110.64,성북구,수정구
3228.17,성북구,중원구
17868.61,성북구,분당구
25107.9,성북구,의정부시
2268.19,성북구,만안구
6240.35,성북구,동안구
7435.66,성북구,부천시
3364.14,성북구,광명시
2316.57,성북구,평택시
3967.73,성북구,동두천시
1129.66,성북구,상록구
2562.93,성북구,단원구
16539.99,성북구,덕양구
7009.22,성북구,일산동구
3639.71,성북구,일산서구
8486.37,성북구,과천시
11727.46,성북구,구리시
39645.59,성북구,남양주시
1030.05,성북구,오산시
2685.12,성북구,시흥시
2335.66,성북구,군포시
2429.4,성북구,의왕시
10600.29,성북구,하남시
5103.73,성북구,용인시
4267.25,성북구,용인시
2335.46,성북구,용인시
8849.9,성북구,파주시
3924.23,성북구,이천시
1882.52,성북구,안성시
4920.98,성북구,김포시
6340.64,성북구,화성시
5988.96,성북구,광주시
16563.91,성북구,양주시
9555.42,성북구,포천시
1727.37,성북구,여주시
1644.51,성북구,연천군
4491.88,성북구,가평군
6685.9,성북구,양평군
12906.51,성북구,강원도
5797.55,성북구,충청북도
7472.06,성북구,충청남도
1604.27,성북구,전라북도
654.11,성북구,전라남도
1731.95,성북구,경상북도
446.8,성북구,경상남도
575.76,성북구,제주특별자치도
141641.44,강북구,종로구
160036.22,강북구,중구
38861.43,강북구,용산구
56967.27,강북구,성동구
19925.88,강북구,광진구
75497.81,강북구,동대문구
23445.32,강북구,중랑구
262043.39,강북구,성북구
993203.43,강북구,강북구
197695.4,강북구,도봉구
107532.97,강북구,노원구
9185.85,강북구,은평구
25404.02,강북구,서대문구
29938.59,강북구,마포구
3522.4,강북구,양천구
13900.89,강북구,강서구
11289.83,강북구,구로구
8697.63,강북구,금천구
33417.59,강북구,영등포구
10336.21,강북구,동작구
7926.59,강북구,관악구
49288.34,강북구,서초구
92496.32,강북구,강남구
26830.76,강북구,송파구
13036.86,강북구,강동구
256.52,강북구,부산광역시
212.53,강북구,대구광역시
6108.04,강북구,중구
320.18,강북구,동구
935.44,강북구,남구
1180.0,강북구,연수구
1267.53,강북구,남동구
1229.87,강북구,부평구
772.14,강북구,계양구
2694.52,강북구,서구
855.69,강북구,강화군
129.9,강북구,옹진군
118.79,강북구,광주광역시
977.15,강북구,대전광역시
75.5,강북구,울산광역시
380.62,강북구,세종특별자치시
797.05,강북구,장안구
1000.07,강북구,권선구
708.25,강북구,팔달구
974.96,강북구,영통구
3591.02,강북구,수정구
1872.94,강북구,중원구
8823.71,강북구,분당구
28483.72,강북구,의정부시
1318.96,강북구,만안구
4168.73,강북구,동안구
3546.34,강북구,부천시
1876.67,강북구,광명시
1311.73,강북구,평택시
3324.81,강북구,동두천시
774.98,강북구,상록구
2012.7,강북구,단원구
9646.08,강북구,덕양구
4173.8,강북구,일산동구
2994.21,강북구,일산서구
4670.07,강북구,과천시
6732.84,강북구,구리시
28889.54,강북구,남양주시
643.66,강북구,오산시
1281.29,강북구,시흥시
1514.02,강북구,군포시
1522.36,강북구,의왕시
6052.54,강북구,하남시
2547.04,강북구,용인시
2813.01,강북구,용인시
1428.86,강북구,용인시
6785.25,강북구,파주시
2515.13,강북구,이천시
1179.69,강북구,안성시
2491.5,강북구,김포시
4081.59,강북구,화성시
4075.7,강북구,광주시
16270.38,강북구,양주시
10785.15,강북구,포천시
887.35,강북구,여주시
2100.45,강북구,연천군
3289.54,강북구,가평군
3210.66,강북구,양평군
7635.02,강북구,강원도
3361.81,강북구,충청북도
4395.56,강북구,충청남도
912.61,강북구,전라북도
383.84,강북구,전라남도
1068.49,강북구,경상북도
242.7,강북구,경상남도
174.38,강북구,제주특별자치도
105069.12,도봉구,종로구
124496.49,도봉구,중구
31696.02,도봉구,용산구
42761.28,도봉구,성동구
23935.52,도봉구,광진구
61261.62,도봉구,동대문구
35176.72,도봉구,중랑구
92516.73,도봉구,성북구
230623.41,도봉구,강북구
928659.26,도봉구,도봉구
288752.17,도봉구,노원구
6493.79,도봉구,은평구
20549.85,도봉구,서대문구
23369.44,도봉구,마포구
3073.1,도봉구,양천구
9898.5,도봉구,강서구
9509.05,도봉구,구로구
7856.95,도봉구,금천구
31099.73,도봉구,영등포구
10244.66,도봉구,동작구
6739.55,도봉구,관악구
47636.9,도봉구,서초구
85641.33,도봉구,강남구
26461.9,도봉구,송파구
13738.95,도봉구,강동구
218.49,도봉구,부산광역시
204.1,도봉구,대구광역시
5549.35,도봉구,중구
92.22,도봉구,동구
594.98,도봉구,남구
959.2,도봉구,연수구
941.85,도봉구,남동구
1069.89,도봉구,부평구
724.12,도봉구,계양구
2423.04,도봉구,서구
831.91,도봉구,강화군
105.23,도봉구,옹진군
115.38,도봉구,광주광역시
1180.75,도봉구,대전광역시
36.79,도봉구,울산광역시
287.63,도봉구,세종특별자치시
835.63,도봉구,장안구
948.05,도봉구,권선구
931.41,도봉구,팔달구
1018.01,도봉구,영통구
3426.75,도봉구,수정구
1628.14,도봉구,중원구
7905.14,도봉구,분당구
83744.03,도봉구,의정부시
894.26,도봉구,만안구
3685.14,도봉구,동안구
2863.98,도봉구,부천시
1581.53,도봉구,광명시
1100.6,도봉구,평택시
7601.17,도봉구,동두천시
492.04,도봉구,상록구
1305.78,도봉구,단원구
8076.45,도봉구,덕양구
4214.33,도봉구,일산동구
2677.73,도봉구,일산서구
4092.78,도봉구,과천시
9008.79,도봉구,구리시
36684.7,도봉구,남양주시
394.28,도봉구,오산시
1666.47,도봉구,시흥시
1150.33,도봉구,군포시
982.83,도봉구,의왕시
5928.26,도봉구,하남시
2372.85,도봉구,용인시
1595.11,도봉구,용인시
986.09,도봉구,용인시
8265.59,도봉구,파주시
2638.57,도봉구,이천시
1032.0,도봉구,안성시
3452.3,도봉구,김포시
3045.11,도봉구,화성시
3828.93,도봉구,광주시
33560.93,도봉구,양주시
21380.56,도봉구,포천시
1041.22,도봉구,여주시
3729.83,도봉구,연천군
3638.93,도봉구,가평군
4051.28,도봉구,양평군
9200.19,도봉구,강원도
3761.49,도봉구,충청북도
3941.95,도봉구,충청남도
762.92,도봉구,전라북도
369.54,도봉구,전라남도
1197.52,도봉구,경상북도
202.5,도봉구,경상남도
185.02,도봉구,제주특별자치도
146168.8,노원구,종로구
175237.56,노원구,중구
55415.2,노원구,용산구
88179.25,노원구,성동구
68132.32,노원구,광진구
130654.97,노원구,동대문구
178492.81,노원구,중랑구
168058.18,노원구,성북구
120837.45,노원구,강북구
266533.54,노원구,도봉구
1966292.56,노원구,노원구
9830.78,노원구,은평구
35648.23,노원구,서대문구
45232.65,노원구,마포구
6177.74,노원구,양천구
22306.37,노원구,강서구
18165.64,노원구,구로구
14715.83,노원구,금천구
54859.32,노원구,영등포구
17414.31,노원구,동작구
13355.11,노원구,관악구
102580.77,노원구,서초구
210697.81,노원구,강남구
71712.34,노원구,송파구
33590.14,노원구,강동구
556.04,노원구,부산광역시
452.26,노원구,대구광역시
10712.92,노원구,중구
159.91,노원구,동구
1289.7,노원구,남구
2149.97,노원구,연수구
1820.03,노원구,남동구
2309.39,노원구,부평구
1175.59,노원구,계양구
3688.5,노원구,서구
1220.24,노원구,강화군
247.48,노원구,옹진군
299.35,노원구,광주광역시
2418.64,노원구,대전광역시
138.09,노원구,울산광역시
809.81,노원구,세종특별자치시
1316.81,노원구,장안구
1296.49,노원구,권선구
1038.83,노원구,팔달구
3092.45,노원구,영통구
8223.91,노원구,수정구
3280.65,노원구,중원구
18686.68,노원구,분당구
109662.07,노원구,의정부시
2077.77,노원구,만안구
5763.99,노원구,동안구
6309.35,노원구,부천시
2976.28,노원구,광명시
2281.78,노원구,평택시
10284.75,노원구,동두천시
755.76,노원구,상록구
2144.68,노원구,단원구
13400.19,노원구,덕양구
7069.2,노원구,일산동구
3578.31,노원구,일산서구
7096.12,노원구,과천시
30287.33,노원구,구리시
129067.18,노원구,남양주시
967.16,노원구,오산시
2453.57,노원구,시흥시
1456.26,노원구,군포시
2409.77,노원구,의왕시
17550.21,노원구,하남시
4581.5,노원구,용인시
4552.26,노원구,용인시
2981.84,노원구,용인시
10383.73,노원구,파주시
6201.39,노원구,이천시
2268.4,노원구,안성시
5263.46,노원구,김포시
7101.41,노원구,화성시
7895.85,노원구,광주시
40384.01,노원구,양주시
35773.92,노원구,포천시
2643.06,노원구,여주시
3949.23,노원구,연천군
7500.39,노원구,가평군
8683.26,노원구,양평군
18921.01,노원구,강원도
7785.63,노원구,충청북도
7444.84,노원구,충청남도
1864.36,노원구,전라북도
482.6,노원구,전라남도
2183.95,노원구,경상북도
582.91,노원구,경상남도
442.19,노원구,제주특별자치도
249595.96,은평구,종로구
230387.23,은평구,중구
78219.8,은평구,용산구
41735.41,은평구,성동구
16693.72,은평구,광진구
28956.96,은평구,동대문구
7087.45,은평구,중랑구
30041.69,은평구,성북구
10293.85,은평구,강북구
6262.61,은평구,도봉구
10993.31,은평구,노원구
1734197.66,은평구,은평구
333565.13,은평구,서대문구
282632.24,은평구,마포구
19312.8,은평구,양천구
66542.23,은평구,강서구
35190.43,은평구,구로구
24597.75,은평구,금천구
124892.76,은평구,영등포구
21317.9,은평구,동작구
19739.93,은평구,관악구
94686.43,은평구,서초구
146047.1,은평구,강남구
33751.76,은평구,송파구
12804.21,은평구,강동구
498.15,은평구,부산광역시
371.8,은평구,대구광역시
16422.65,은평구,중구
417.56,은평구,동구
3046.03,은평구,남구
3541.31,은평구,연수구
3416.2,은평구,남동구
4722.25,은평구,부평구
3930.82,은평구,계양구
10558.91,은평구,서구
2173.55,은평구,강화군
269.69,은평구,옹진군
253.78,은평구,광주광역시
2183.95,은평구,대전광역시
128.17,은평구,울산광역시
847.53,은평구,세종특별자치시
1072.14,은평구,장안구
2272.86,은평구,권선구
1149.45,은평구,팔달구
2553.48,은평구,영통구
5841.5,은평구,수정구
1483.91,은평구,중원구
14256.88,은평구,분당구
9031.97,은평구,의정부시
2838.73,은평구,만안구
6376.61,은평구,동안구
12569.79,은평구,부천시
5604.2300000000005,은평구,광명시
2131.92,은평구,평택시
1548.19,은평구,동두천시
1036.85,은평구,상록구
2348.44,은평구,단원구
253937.45,은평구,덕양구
64228.01,은평구,일산동구
24682.78,은평구,일산서구
6302.83,은평구,과천시
3015.8,은평구,구리시
9184.34,은평구,남양주시
731.99,은평구,오산시
3854.72,은평구,시흥시
2409.24,은평구,군포시
2211.8,은평구,의왕시
5768.5,은평구,하남시
4713.63,은평구,용인시
3989.63,은평구,용인시
2045.19,은평구,용인시
54257.22,은평구,파주시
2385.1,은평구,이천시
1690.17,은평구,안성시
16966.23,은평구,김포시
6915.46,은평구,화성시
3485.18,은평구,광주시
24933.26,은평구,양주시
4646.51,은평구,포천시
1362.59,은평구,여주시
1676.04,은평구,연천군
3403.32,은평구,가평군
2858.09,은평구,양평군
9720.99,은평구,강원도
5139.67,은평구,충청북도
9025.36,은평구,충청남도
1454.33,은평구,전라북도
723.27,은평구,전라남도
1709.38,은평구,경상북도
558.45,은평구,경상남도
697.33,은평구,제주특별자치도
237346.28,서대문구,종로구
229280.51,서대문구,중구
71275.77,서대문구,용산구
31181.43,서대문구,성동구
13865.01,서대문구,광진구
22289.34,서대문구,동대문구
4781.59,서대문구,중랑구
24329.09,서대문구,성북구
8772.61,서대문구,강북구
4303.06,서대문구,도봉구
9319.99,서대문구,노원구
205888.57,서대문구,은평구
1141441.32,서대문구,서대문구
320074.2,서대문구,마포구
17441.29,서대문구,양천구
47521.22,서대문구,강서구
24539.87,서대문구,구로구
16621.8,서대문구,금천구
111004.7,서대문구,영등포구
17812.31,서대문구,동작구
17001.69,서대문구,관악구
67690.16,서대문구,서초구
104632.69,서대문구,강남구
27351.08,서대문구,송파구
9304.09,서대문구,강동구
613.24,서대문구,부산광역시
415.06,서대문구,대구광역시
16938.5,서대문구,중구
494.48,서대문구,동구
1903.71,서대문구,남구
3667.98,서대문구,연수구
2528.94,서대문구,남동구
3807.38,서대문구,부평구
2775.31,서대문구,계양구
7258.9,서대문구,서구
1876.75,서대문구,강화군
106.59,서대문구,옹진군
262.45,서대문구,광주광역시
1545.35,서대문구,대전광역시
193.61,서대문구,울산광역시
1034.02,서대문구,세종특별자치시
1237.57,서대문구,장안구
1323.69,서대문구,권선구
696.25,서대문구,팔달구
2632.36,서대문구,영통구
4099.41,서대문구,수정구
870.09,서대문구,중원구
11672.98,서대문구,분당구
3673.07,서대문구,의정부시
2103.14,서대문구,만안구
4456.77,서대문구,동안구
10595.69,서대문구,부천시
4466.38,서대문구,광명시
1503.36,서대문구,평택시
775.27,서대문구,동두천시
1090.01,서대문구,상록구
2080.2,서대문구,단원구
62356.53,서대문구,덕양구
22301.95,서대문구,일산동구
10623.82,서대문구,일산서구
5007.13,서대문구,과천시
2844.43,서대문구,구리시
7352.55,서대문구,남양주시
527.05,서대문구,오산시
3171.06,서대문구,시흥시
2124.05,서대문구,군포시
1759.42,서대문구,의왕시
3406.4,서대문구,하남시
3314.37,서대문구,용인시
3165.92,서대문구,용인시
1315.67,서대문구,용인시
23461.05,서대문구,파주시
1529.25,서대문구,이천시
1064.83,서대문구,안성시
12084.57,서대문구,김포시
5757.0,서대문구,화성시
3326.27,서대문구,광주시
7972.24,서대문구,양주시
2226.04,서대문구,포천시
1167.88,서대문구,여주시
807.06,서대문구,연천군
2314.78,서대문구,가평군
2460.38,서대문구,양평군
7332.5,서대문구,강원도
3775.06,서대문구,충청북도
6783.28,서대문구,충청남도
1173.12,서대문구,전라북도
417.77,서대문구,전라남도
1282.84,서대문구,경상북도
434.72,서대문구,경상남도
619.12,서대문구,제주특별자치도
150137.38,마포구,종로구
227060.54,마포구,중구
154774.4,마포구,용산구
40432.64,마포구,성동구
19674.67,마포구,광진구
24321.87,마포구,동대문구
8431.29,마포구,중랑구
25764.88,마포구,성북구
8094.59,마포구,강북구
5678.43,마포구,도봉구
10515.69,마포구,노원구
98859.08,마포구,은평구
320637.88,마포구,서대문구
1402080.32,마포구,마포구
37449.13,마포구,양천구
95369.54,마포구,강서구
43509.46,마포구,구로구
28978.24,마포구,금천구
229466.23,마포구,영등포구
32212.56,마포구,동작구
29640.8,마포구,관악구
90584.31,마포구,서초구
136855.12,마포구,강남구
37031.32,마포구,송파구
12802.3,마포구,강동구
924.94,마포구,부산광역시
628.15,마포구,대구광역시
25130.93,마포구,중구
676.54,마포구,동구
4571.24,마포구,남구
6151.96,마포구,연수구
4635.71,마포구,남동구
7469.18,마포구,부평구
5667.56,마포구,계양구
13961.07,마포구,서구
3024.58,마포구,강화군
145.98,마포구,옹진군
426.54,마포구,광주광역시
2745.92,마포구,대전광역시
204.87,마포구,울산광역시
1285.97,마포구,세종특별자치시
1711.54,마포구,장안구
1886.3,마포구,권선구
1580.12,마포구,팔달구
5818.72,마포구,영통구
6431.32,마포구,수정구
1876.42,마포구,중원구
17973.84,마포구,분당구
4218.32,마포구,의정부시
3771.37,마포구,만안구
8304.03,마포구,동안구
20514.73,마포구,부천시
6696.04,마포구,광명시
3324.18,마포구,평택시
819.41,마포구,동두천시
1705.36,마포구,상록구
4047.21,마포구,단원구
67926.48,마포구,덕양구
27983.21,마포구,일산동구
15854.84,마포구,일산서구
8413.45,마포구,과천시
2526.2,마포구,구리시
7714.57,마포구,남양주시
822.5,마포구,오산시
5228.01,마포구,시흥시
3269.94,마포구,군포시
2997.1,마포구,의왕시
5114.91,마포구,하남시
4685.4,마포구,용인시
5297.37,마포구,용인시
2485.35,마포구,용인시
32557.15,마포구,파주시
2101.37,마포구,이천시
2256.96,마포구,안성시
18243.63,마포구,김포시
9947.4,마포구,화성시
3566.9,마포구,광주시
4522.59,마포구,양주시
2608.69,마포구,포천시
1678.34,마포구,여주시
1020.73,마포구,연천군
3130.81,마포구,가평군
3584.56,마포구,양평군
9689.15,마포구,강원도
5093.47,마포구,충청북도
9893.31,마포구,충청남도
1447.7,마포구,전라북도
756.82,마포구,전라남도
1886.51,마포구,경상북도
544.48,마포구,경상남도
911.81,마포구,제주특별자치도
66374.29,양천구,종로구
93017.3,양천구,중구
41619.41,양천구,용산구
19680.44,양천구,성동구
9419.14,양천구,광진구
10401.5,양천구,동대문구
2808.86,양천구,중랑구
9967.29,양천구,성북구
4130.99,양천구,강북구
2525.11,양천구,도봉구
5068.81,양천구,노원구
15168.03,양천구,은평구
54134.38,양천구,서대문구
92952.18,양천구,마포구
1207929.91,양천구,양천구
472558.78,양천구,강서구
169183.9,양천구,구로구
53112.38,양천구,금천구
305977.24,양천구,영등포구
36336.24,양천구,동작구
37496.49,양천구,관악구
76687.76,양천구,서초구
103678.25,양천구,강남구
25784.62,양천구,송파구
8532.44,양천구,강동구
540.11,양천구,부산광역시
416.18,양천구,대구광역시
23743.52,양천구,중구
1869.07,양천구,동구
8832.9,양천구,남구
8273.66,양천구,연수구
11211.88,양천구,남동구
19502.87,양천구,부평구
15658.88,양천구,계양구
23005.35,양천구,서구
4399.26,양천구,강화군
314.82,양천구,옹진군
262.43,양천구,광주광역시
1909.7,양천구,대전광역시
162.65,양천구,울산광역시
1144.03,양천구,세종특별자치시
2073.17,양천구,장안구
2453.4,양천구,권선구
1260.75,양천구,팔달구
3153.57,양천구,영통구
4964.2,양천구,수정구
1783.48,양천구,중원구
14584.88,양천구,분당구
2005.84,양천구,의정부시
6880.22,양천구,만안구
9986.42,양천구,동안구
109442.19,양천구,부천시
29616.97,양천구,광명시
3442.54,양천구,평택시
581.88,양천구,동두천시
3223.55,양천구,상록구
6661.0,양천구,단원구
24891.47,양천구,덕양구
13753.13,양천구,일산동구
7626.69,양천구,일산서구
8157.01,양천구,과천시
1508.71,양천구,구리시
4931.14,양천구,남양주시
1396.95,양천구,오산시
17418.54,양천구,시흥시
5043.48,양천구,군포시
3532.94,양천구,의왕시
3441.41,양천구,하남시
4645.05,양천구,용인시
3601.39,양천구,용인시
1643.19,양천구,용인시
16907.4,양천구,파주시
2515.96,양천구,이천시
1627.04,양천구,안성시
38729.94,양천구,김포시
12796.59,양천구,화성시
3158.76,양천구,광주시
3170.45,양천구,양주시
2870.01,양천구,포천시
1536.66,양천구,여주시
778.19,양천구,연천군
2987.28,양천구,가평군
2460.95,양천구,양평군
8486.34,양천구,강원도
5088.19,양천구,충청북도
10577.29,양천구,충청남도
1668.64,양천구,전라북도
716.06,양천구,전라남도
1644.74,양천구,경상북도
512.59,양천구,경상남도
758.33,양천구,제주특별자치도
89853.24,강서구,종로구
130988.65,강서구,중구
60583.96,강서구,용산구
29370.2,강서구,성동구
14639.82,강서구,광진구
15851.7,강서구,동대문구
4727.15,강서구,중랑구
13403.3,강서구,성북구
4656.34,강서구,강북구
3721.69,강서구,도봉구
6315.57,강서구,노원구
24644.23,강서구,은평구
74921.14,강서구,서대문구
164241.28,강서구,마포구
402573.0,강서구,양천구
2278402.76,강서구,강서구
98006.88,강서구,구로구
49359.1,강서구,금천구
373150.16,강서구,영등포구
45593.45,강서구,동작구
41333.72,강서구,관악구
106865.99,강서구,서초구
158859.95,강서구,강남구
39092.47,강서구,송파구
13187.47,강서구,강동구
6097.13,강서구,부산광역시
500.66,강서구,대구광역시
59829.3,강서구,중구
1500.37,강서구,동구
7764.79,강서구,남구
9010.23,강서구,연수구
11265.84,강서구,남동구
18412.66,강서구,부평구
25680.04,강서구,계양구
43606.64,강서구,서구
6727.45,강서구,강화군
400.61,강서구,옹진군
411.23,강서구,광주광역시
2285.06,강서구,대전광역시
1412.02,강서구,울산광역시
1283.37,강서구,세종특별자치시
2306.79,강서구,장안구
2375.79,강서구,권선구
1601.43,강서구,팔달구
3879.14,강서구,영통구
6938.81,강서구,수정구
2275.9,강서구,중원구
17011.48,강서구,분당구
4116.72,강서구,의정부시
8331.14,강서구,만안구
9728.14,강서구,동안구
105340.88,강서구,부천시
16903.03,강서구,광명시
3791.36,강서구,평택시
857.85,강서구,동두천시
2955.1,강서구,상록구
6932.41,강서구,단원구
51849.73,강서구,덕양구
30259.57,강서구,일산동구
16555.35,강서구,일산서구
8847.11,강서구,과천시
2392.59,강서구,구리시
6603.1,강서구,남양주시
1537.0,강서구,오산시
13962.67,강서구,시흥시
6365.02,강서구,군포시
4307.91,강서구,의왕시
5338.25,강서구,하남시
4671.18,강서구,용인시
4138.6,강서구,용인시
2058.42,강서구,용인시
35252.3,강서구,파주시
2858.11,강서구,이천시
2116.26,강서구,안성시
111971.43,강서구,김포시
12868.28,강서구,화성시
4997.67,강서구,광주시
5328.57,강서구,양주시
3104.16,강서구,포천시
1591.69,강서구,여주시
1480.68,강서구,연천군
3242.94,강서구,가평군
3080.43,강서구,양평군
10690.58,강서구,강원도
6056.56,강서구,충청북도
12297.09,강서구,충청남도
2059.7,강서구,전라북도
3083.99,강서구,전라남도
2395.0,강서구,경상북도
1599.71,강서구,경상남도
67268.7,강서구,제주특별자치도
62549.17,구로구,종로구
104416.55,구로구,중구
53259.65,구로구,용산구
23543.41,구로구,성동구
12507.85,구로구,광진구
13591.74,구로구,동대문구
3028.89,구로구,중랑구
9807.82,구로구,성북구
3394.52,구로구,강북구
2895.02,구로구,도봉구
4417.76,구로구,노원구
9542.92,구로구,은평구
40606.83,구로구,서대문구
76913.17,구로구,마포구
156094.64,구로구,양천구
91729.66,구로구,강서구
1258195.76,구로구,구로구
171055.61,구로구,금천구
338000.74,구로구,영등포구
69475.46,구로구,동작구
99644.64,구로구,관악구
112063.46,구로구,서초구
151678.11,구로구,강남구
33638.89,구로구,송파구
10195.69,구로구,강동구
385.76,구로구,부산광역시
310.76,구로구,대구광역시
19557.22,구로구,중구
2958.46,구로구,동구
11742.51,구로구,남구
11554.55,구로구,연수구
17274.2,구로구,남동구
22320.41,구로구,부평구
8718.33,구로구,계양구
21419.08,구로구,서구
2653.38,구로구,강화군
458.89,구로구,옹진군
239.61,구로구,광주광역시
2453.64,구로구,대전광역시
90.89,구로구,울산광역시
1001.72,구로구,세종특별자치시
2910.16,구로구,장안구
4715.78,구로구,권선구
3723.17,구로구,팔달구
5050.37,구로구,영통구
6477.16,구로구,수정구
2779.16,구로구,중원구
21530.12,구로구,분당구
2574.33,구로구,의정부시
17222.36,구로구,만안구
20489.55,구로구,동안구
165993.85,구로구,부천시
169597.76,구로구,광명시
7396.66,구로구,평택시
619.5699999999999,구로구,동두천시
4901.68,구로구,상록구
14075.77,구로구,단원구
13917.89,구로구,덕양구
8300.33,구로구,일산동구
4961.35,구로구,일산서구
11593.11,구로구,과천시
1637.86,구로구,구리시
4504.77,구로구,남양주시
2574.68,구로구,오산시
49650.36,구로구,시흥시
12924.32,구로구,군포시
7083.07,구로구,의왕시
3457.67,구로구,하남시
5863.27,구로구,용인시
5108.47,구로구,용인시
2909.93,구로구,용인시
13484.51,구로구,파주시
3032.5,구로구,이천시
2546.73,구로구,안성시
17478.96,구로구,김포시
21186.98,구로구,화성시
4636.04,구로구,광주시
3725.28,구로구,양주시
1875.45,구로구,포천시
1443.62,구로구,여주시
640.55,구로구,연천군
2699.28,구로구,가평군
2361.54,구로구,양평군
8220.58,구로구,강원도
6112.5,구로구,충청북도
14500.49,구로구,충청남도
1556.59,구로구,전라북도
755.29,구로구,전라남도
1511.74,구로구,경상북도
565.79,구로구,경상남도
557.59,구로구,제주특별자치도
21697.33,금천구,종로구
39130.7,금천구,중구
24524.14,금천구,용산구
10085.8,금천구,성동구
6373.38,금천구,광진구
6079.5,금천구,동대문구
1335.47,금천구,중랑구
3385.31,금천구,성북구
1467.12,금천구,강북구
962.61,금천구,도봉구
2276.7,금천구,노원구
3975.2,금천구,은평구
15418.33,금천구,서대문구
28074.34,금천구,마포구
15046.78,금천구,양천구
24909.09,금천구,강서구
134294.54,금천구,구로구
688474.86,금천구,금천구
111993.75,금천구,영등포구
45056.39,금천구,동작구
141138.28,금천구,관악구
57918.5,금천구,서초구
81350.88,금천구,강남구
16256.09,금천구,송파구
5405.36,금천구,강동구
207.11,금천구,부산광역시
233.03,금천구,대구광역시
7340.6,금천구,중구
527.51,금천구,동구
2938.1,금천구,남구
4868.98,금천구,연수구
5433.31,금천구,남동구
4851.25,금천구,부평구
2369.25,금천구,계양구
5491.71,금천구,서구
887.4,금천구,강화군
220.32,금천구,옹진군
207.21,금천구,광주광역시
1092.72,금천구,대전광역시
93.16,금천구,울산광역시
607.77,금천구,세종특별자치시
2912.92,금천구,장안구
3513.92,금천구,권선구
2734.89,금천구,팔달구
3594.4,금천구,영통구
4026.01,금천구,수정구
1795.39,금천구,중원구
10939.46,금천구,분당구
1132.5,금천구,의정부시
36463.95,금천구,만안구
25610.89,금천구,동안구
22648.33,금천구,부천시
123572.24,금천구,광명시
4226.0,금천구,평택시
247.19,금천구,동두천시
4911.44,금천구,상록구
9903.82,금천구,단원구
4648.03,금천구,덕양구
3117.88,금천구,일산동구
1585.06,금천구,일산서구
8065.35,금천구,과천시
683.74,금천구,구리시
2165.07,금천구,남양주시
2415.06,금천구,오산시
25155.37,금천구,시흥시
13527.65,금천구,군포시
6904.16,금천구,의왕시
2094.65,금천구,하남시
3401.56,금천구,용인시
3802.47,금천구,용인시
1940.42,금천구,용인시
5077.0,금천구,파주시
1832.38,금천구,이천시
1518.95,금천구,안성시
5199.78,금천구,김포시
15521.14,금천구,화성시
3511.12,금천구,광주시
1445.59,금천구,양주시
981.21,금천구,포천시
1118.1,금천구,여주시
172.01,금천구,연천군
1221.02,금천구,가평군
1254.05,금천구,양평군
3728.51,금천구,강원도
3231.83,금천구,충청북도
7899.04,금천구,충청남도
1023.59,금천구,전라북도
420.43,금천구,전라남도
770.03,금천구,경상북도
304.37,금천구,경상남도
321.09,금천구,제주특별자치도
97084.96,영등포구,종로구
162478.79,영등포구,중구
95447.82,영등포구,용산구
31371.85,영등포구,성동구
16558.3,영등포구,광진구
17570.78,영등포구,동대문구
5189.38,영등포구,중랑구
13771.46,영등포구,성북구
4902.23,영등포구,강북구
3844.13,영등포구,도봉구
7366.44,영등포구,노원구
17690.47,영등포구,은평구
79241.97,영등포구,서대문구
149123.64,영등포구,마포구
108683.65,영등포구,양천구
126699.34,영등포구,강서구
198652.05,영등포구,구로구
93722.43,영등포구,금천구
1708670.21,영등포구,영등포구
190531.24,영등포구,동작구
93452.93,영등포구,관악구
145826.06,영등포구,서초구
204769.4,영등포구,강남구
43029.7,영등포구,송파구
15576.76,영등포구,강동구
672.8199999999999,영등포구,부산광역시
639.2,영등포구,대구광역시
21130.22,영등포구,중구
1593.93,영등포구,동구
7960.34,영등포구,남구
8312.76,영등포구,연수구
9428.95,영등포구,남동구
14941.39,영등포구,부평구
6486.72,영등포구,계양구
18217.27,영등포구,서구
2817.51,영등포구,강화군
400.12,영등포구,옹진군
584.24,영등포구,광주광역시
3193.1,영등포구,대전광역시
201.55,영등포구,울산광역시
1504.63,영등포구,세종특별자치시
3481.41,영등포구,장안구
4000.07,영등포구,권선구
2699.25,영등포구,팔달구
5284.22,영등포구,영통구
8071.36,영등포구,수정구
2472.55,영등포구,중원구
23329.47,영등포구,분당구
3542.76,영등포구,의정부시
11644.75,영등포구,만안구
13160.1,영등포구,동안구
53008.14,영등포구,부천시
31132.23,영등포구,광명시
6120.84,영등포구,평택시
781.6899999999999,영등포구,동두천시
3795.46,영등포구,상록구
7995.84,영등포구,단원구
22098.71,영등포구,덕양구
13295.25,영등포구,일산동구
7216.97,영등포구,일산서구
13693.04,영등포구,과천시
1678.08,영등포구,구리시
6194.53,영등포구,남양주시
2152.56,영등포구,오산시
17224.02,영등포구,시흥시
9112.71,영등포구,군포시
6356.46,영등포구,의왕시
6020.46,영등포구,하남시
5336.67,영등포구,용인시
6576.05,영등포구,용인시
2820.17,영등포구,용인시
17592.52,영등포구,파주시
3451.59,영등포구,이천시
2742.04,영등포구,안성시
22937.2,영등포구,김포시
16135.03,영등포구,화성시
4840.91,영등포구,광주시
3489.65,영등포구,양주시
2522.15,영등포구,포천시
2171.63,영등포구,여주시
921.33,영등포구,연천군
2931.96,영등포구,가평군
3629.08,영등포구,양평군
10436.1,영등포구,강원도
6756.49,영등포구,충청북도
14247.24,영등포구,충청남도
1697.55,영등포구,전라북도
607.44,영등포구,전라남도
1964.41,영등포구,경상북도
701.13,영등포구,경상남도
708.77,영등포구,제주특별자치도
76144.8,동작구,종로구
126922.99,동작구,중구
114089.07,동작구,용산구
36071.39,동작구,성동구
20774.58,동작구,광진구
18621.69,동작구,동대문구
7185.07,동작구,중랑구
15286.37,동작구,성북구
6201.64,동작구,강북구
3897.07,동작구,도봉구
8889.76,동작구,노원구
9608.53,동작구,은평구
39895.98,동작구,서대문구
64103.5,동작구,마포구
22650.9,동작구,양천구
50654.19,동작구,강서구
77760.52,동작구,구로구
71763.48,동작구,금천구
295490.86,동작구,영등포구
1144156.17,동작구,동작구
262227.04,동작구,관악구
388512.58,동작구,서초구
302056.32,동작구,강남구
56957.82,동작구,송파구
16966.55,동작구,강동구
447.56,동작구,부산광역시
610.54,동작구,대구광역시
15058.9,동작구,중구
732.36,동작구,동구
3554.37,동작구,남구
5403.13,동작구,연수구
5849.6,동작구,남동구
7606.16,동작구,부평구
3628.87,동작구,계양구
9390.71,동작구,서구
1900.52,동작구,강화군
209.7,동작구,옹진군
464.84,동작구,광주광역시
2508.66,동작구,대전광역시
160.77,동작구,울산광역시
1233.73,동작구,세종특별자치시
3576.5,동작구,장안구
5219.7,동작구,권선구
2659.11,동작구,팔달구
7354.86,동작구,영통구
12683.99,동작구,수정구
3652.18,동작구,중원구
33597.75,동작구,분당구
2779.73,동작구,의정부시
12461.24,동작구,만안구
21883.91,동작구,동안구
26745.51,동작구,부천시
21240.63,동작구,광명시
5117.5,동작구,평택시
622.79,동작구,동두천시
3806.88,동작구,상록구
7734.18,동작구,단원구
12211.1,동작구,덕양구
6301.6,동작구,일산동구
4641.77,동작구,일산서구
31461.27,동작구,과천시
3078.91,동작구,구리시
8015.13,동작구,남양주시
1566.6,동작구,오산시
9630.97,동작구,시흥시
8075.96,동작구,군포시
8136.64,동작구,의왕시
6404.59,동작구,하남시
7308.22,동작구,용인시
8505.11,동작구,용인시
4310.57,동작구,용인시
7741.059999999999,동작구,파주시
4035.68,동작구,이천시
3132.24,동작구,안성시
11638.23,동작구,김포시
19210.67,동작구,화성시
5155.97,동작구,광주시
2936.14,동작구,양주시
2360.65,동작구,포천시
2399.45,동작구,여주시
762.11,동작구,연천군
2948.14,동작구,가평군
3438.43,동작구,양평군
9375.16,동작구,강원도
6422.24,동작구,충청북도
11761.43,동작구,충청남도
1624.29,동작구,전라북도
673.46,동작구,전라남도
1658.99,동작구,경상북도
455.42,동작구,경상남도
595.18,동작구,제주특별자치도
66646.85,관악구,종로구
128443.66,관악구,중구
75319.76,관악구,용산구
40539.84,관악구,성동구
23990.4,관악구,광진구
15038.21,관악구,동대문구
5430.5,관악구,중랑구
11380.65,관악구,성북구
4496.36,관악구,강북구
2947.4,관악구,도봉구
6427.78,관악구,노원구
9522.43,관악구,은평구
42196.46,관악구,서대문구
81083.91,관악구,마포구
26625.42,관악구,양천구
57968.09,관악구,강서구
143908.9,관악구,구로구
157735.57,관악구,금천구
223336.6,관악구,영등포구
289296.93,관악구,동작구
1405642.37,관악구,관악구
403592.19,관악구,서초구
470370.11,관악구,강남구
86926.56,관악구,송파구
19462.14,관악구,강동구
538.33,관악구,부산광역시
477.62,관악구,대구광역시
15830.61,관악구,중구
827.52,관악구,동구
4796.54,관악구,남구
8599.58,관악구,연수구
7042.56,관악구,남동구
7585.94,관악구,부평구
2812.12,관악구,계양구
8784.23,관악구,서구
1605.18,관악구,강화군
380.58,관악구,옹진군
444.02,관악구,광주광역시
2365.52,관악구,대전광역시
149.76,관악구,울산광역시
978.86,관악구,세종특별자치시
5187.26,관악구,장안구
5616.95,관악구,권선구
3831.64,관악구,팔달구
9040.64,관악구,영통구
17167.59,관악구,수정구
4213.81,관악구,중원구
50146.02,관악구,분당구
2588.51,관악구,의정부시
23781.62,관악구,만안구
29393.29,관악구,동안구
27788.96,관악구,부천시
34869.29,관악구,광명시
5347.38,관악구,평택시
711.65,관악구,동두천시
4495.69,관악구,상록구
8768.6,관악구,단원구
9346.54,관악구,덕양구
6487.19,관악구,일산동구
3770.02,관악구,일산서구
41713.01,관악구,과천시
2550.25,관악구,구리시
7031.22,관악구,남양주시
2276.68,관악구,오산시
18226.78,관악구,시흥시
11579.07,관악구,군포시
10504.68,관악구,의왕시
5896.51,관악구,하남시
10091.58,관악구,용인시
9180.78,관악구,용인시
5596.16,관악구,용인시
8824.91,관악구,파주시
5728.25,관악구,이천시
2860.83,관악구,안성시
9543.79,관악구,김포시
22403.94,관악구,화성시
8554.74,관악구,광주시
2910.27,관악구,양주시
2090.73,관악구,포천시
2105.04,관악구,여주시
497.03,관악구,연천군
2957.08,관악구,가평군
3598.8,관악구,양평군
9854.57,관악구,강원도
6725.48,관악구,충청북도
13280.47,관악구,충청남도
1683.96,관악구,전라북도
601.84,관악구,전라남도
1867.88,관악구,경상북도
668.79,관악구,경상남도
720.63,관악구,제주특별자치도
91584.05,서초구,종로구
132195.06,서초구,중구
80038.92,서초구,용산구
49140.41,서초구,성동구
37746.64,서초구,광진구
23655.47,서초구,동대문구
12304.34,서초구,중랑구
20941.54,서초구,성북구
11335.62,서초구,강북구
6520.02,서초구,도봉구
14490.89,서초구,노원구
12134.6,서초구,은평구
47720.13,서초구,서대문구
42507.5,서초구,마포구
15283.66,서초구,양천구
43407.51,서초구,강서구
33737.32,서초구,구로구
25403.56,서초구,금천구
115027.42,서초구,영등포구
128208.99,서초구,동작구
97133.35,서초구,관악구
2004403.5,서초구,서초구
698087.81,서초구,강남구
101293.12,서초구,송파구
28005.18,서초구,강동구
1057.58,서초구,부산광역시
762.24,서초구,대구광역시
20396.25,서초구,중구
365.45,서초구,동구
3513.63,서초구,남구
8049.17,서초구,연수구
5725.47,서초구,남동구
5453.26,서초구,부평구
3078.49,서초구,계양구
7331.28,서초구,서구
1210.68,서초구,강화군
203.28,서초구,옹진군
647.35,서초구,광주광역시
3743.66,서초구,대전광역시
269.95,서초구,울산광역시
2390.29,서초구,세종특별자치시
7355.79,서초구,장안구
6942.92,서초구,권선구
5184.91,서초구,팔달구
24289.84,서초구,영통구
35283.54,서초구,수정구
9814.43,서초구,중원구
89316.0,서초구,분당구
6430.06,서초구,의정부시
8163.28,서초구,만안구
25505.5,서초구,동안구
17906.09,서초구,부천시
11306.9,서초구,광명시
7543.26,서초구,평택시
561.54,서초구,동두천시
4842.7,서초구,상록구
8270.91,서초구,단원구
11261.54,서초구,덕양구
8365.0,서초구,일산동구
5685.62,서초구,일산서구
46670.47,서초구,과천시
4986.16,서초구,구리시
12761.55,서초구,남양주시
2813.38,서초구,오산시
9148.29,서초구,시흥시
10386.28,서초구,군포시
11576.71,서초구,의왕시
13266.25,서초구,하남시
16826.75,서초구,용인시
25249.07,서초구,용인시
12820.73,서초구,용인시
7933.38,서초구,파주시
8621.78,서초구,이천시
6780.09,서초구,안성시
9019.25,서초구,김포시
35997.81,서초구,화성시
13835.72,서초구,광주시
4098.59,서초구,양주시
4197.06,서초구,포천시
5675.58,서초구,여주시
513.15,서초구,연천군
4620.22,서초구,가평군
5593.62,서초구,양평군
15589.39,서초구,강원도
11921.55,서초구,충청북도
18512.84,서초구,충청남도
3027.01,서초구,전라북도
986.29,서초구,전라남도
3123.5,서초구,경상북도
922.84,서초구,경상남도
826.31,서초구,제주특별자치도
112970.22,강남구,종로구
157886.43,강남구,중구
70063.94,강남구,용산구
114719.45,강남구,성동구
95299.6,강남구,광진구
48221.07,강남구,동대문구
30315.05,강남구,중랑구
36508.84,강남구,성북구
16881.75,강남구,강북구
12715.9,강남구,도봉구
30038.04,강남구,노원구
16331.47,강남구,은평구
50866.49,강남구,서대문구
43991.43,강남구,마포구
12110.29,강남구,양천구
42173.59,강남구,강서구
29763.28,강남구,구로구
21252.66,강남구,금천구
117210.85,강남구,영등포구
54541.88,강남구,동작구
65618.83,강남구,관악구
616404.28,강남구,서초구
3105074.82,강남구,강남구
315819.59,강남구,송파구
81352.02,강남구,강동구
3737.17,강남구,부산광역시
3327.81,강남구,대구광역시
25492.73,강남구,중구
712.41,강남구,동구
3758.15,강남구,남구
10559.85,강남구,연수구
6169.33,강남구,남동구
5411.39,강남구,부평구
2863.54,강남구,계양구
7144.52,강남구,서구
1307.37,강남구,강화군
212.94,강남구,옹진군
2726.95,강남구,광주광역시
6832.58,강남구,대전광역시
1015.77,강남구,울산광역시
3730.31,강남구,세종특별자치시
6700.93,강남구,장안구
7254.04,강남구,권선구
6973.62,강남구,팔달구
30106.71,강남구,영통구
74922.8,강남구,수정구
24549.0,강남구,중원구
131019.86,강남구,분당구
12507.84,강남구,의정부시
7986.43,강남구,만안구
20893.87,강남구,동안구
15254.21,강남구,부천시
11929.49,강남구,광명시
9527.98,강남구,평택시
1418.23,강남구,동두천시
4909.12,강남구,상록구
8921.27,강남구,단원구
11176.2,강남구,덕양구
8339.15,강남구,일산동구
5547.45,강남구,일산서구
25642.83,강남구,과천시
14346.6,강남구,구리시
31333.03,강남구,남양주시
3975.46,강남구,오산시
8541.25,강남구,시흥시
8674.03,강남구,군포시
9036.45,강남구,의왕시
40257.43,강남구,하남시
20608.31,강남구,용인시
30809.9,강남구,용인시
19619.37,강남구,용인시
8843.92,강남구,파주시
11237.92,강남구,이천시
6400.91,강남구,안성시
8565.39,강남구,김포시
37443.13,강남구,화성시
27759.99,강남구,광주시
5683.08,강남구,양주시
6778.79,강남구,포천시
8589.7,강남구,여주시
792.85,강남구,연천군
7410.89,강남구,가평군
10084.92,강남구,양평군
20992.33,강남구,강원도
14246.15,강남구,충청북도
18723.22,강남구,충청남도
4080.62,강남구,전라북도
2532.81,강남구,전라남도
5214.89,강남구,경상북도
1044.12,강남구,경상남도
993.19,강남구,제주특별자치도
100337.21,송파구,종로구
149841.88,송파구,중구
51992.57,송파구,용산구
107291.16,송파구,성동구
145599.38,송파구,광진구
48498.29,송파구,동대문구
29276.33,송파구,중랑구
26971.98,송파구,성북구
12068.02,송파구,강북구
10181.14,송파구,도봉구
24463.56,송파구,노원구
10054.07,송파구,은평구
41759.12,송파구,서대문구
42576.9,송파구,마포구
9305.65,송파구,양천구
35810.67,송파구,강서구
26817.12,송파구,구로구
20194.79,송파구,금천구
100342.42,송파구,영등포구
35314.26,송파구,동작구
37772.86,송파구,관악구
300885.21,송파구,서초구
824643.03,송파구,강남구
3178951.07,송파구,송파구
396910.93,송파구,강동구
1425.5,송파구,부산광역시
1212.97,송파구,대구광역시
21887.2,송파구,중구
288.8,송파구,동구
2156.98,송파구,남구
6755.2,송파구,연수구
3641.26,송파구,남동구
3575.72,송파구,부평구
1599.93,송파구,계양구
6110.38,송파구,서구
1656.62,송파구,강화군
233.65,송파구,옹진군
857.0,송파구,광주광역시
4676.0,송파구,대전광역시
360.61,송파구,울산광역시
2119.51,송파구,세종특별자치시
5501.58,송파구,장안구
6733.35,송파구,권선구
5332.89,송파구,팔달구
24757.06,송파구,영통구
165637.34,송파구,수정구
54578.23,송파구,중원구
138864.54,송파구,분당구
12424.97,송파구,의정부시
5826.87,송파구,만안구
17274.579999999998,송파구,동안구
9993.69,송파구,부천시
7139.62,송파구,광명시
9587.49,송파구,평택시
2434.82,송파구,동두천시
2755.86,송파구,상록구
6553.79,송파구,단원구
8805.26,송파구,덕양구
5900.76,송파구,일산동구
4009.16,송파구,일산서구
22388.22,송파구,과천시
24145.34,송파구,구리시
55148.1,송파구,남양주시
3288.35,송파구,오산시
6925.0,송파구,시흥시
5895.32,송파구,군포시
9456.15,송파구,의왕시
213328.65,송파구,하남시
19432.1,송파구,용인시
27720.62,송파구,용인시
16387.09,송파구,용인시
7701.6,송파구,파주시
19089.94,송파구,이천시
6175.12,송파구,안성시
5571.38,송파구,김포시
38427.65,송파구,화성시
51900.65,송파구,광주시
7866.29,송파구,양주시
10815.58,송파구,포천시
9054.46,송파구,여주시
800.54,송파구,연천군
10629.92,송파구,가평군
17593.9,송파구,양평군
30226.51,송파구,강원도
18126.08,송파구,충청북도
18108.64,송파구,충청남도
3073.47,송파구,전라북도
1455.6,송파구,전라남도
4638.37,송파구,경상북도
1073.92,송파구,경상남도
796.97,송파구,제주특별자치도
79287.7,강동구,종로구
115930.27,강동구,중구
32955.86,강동구,용산구
89208.44,강동구,성동구
133270.78,강동구,광진구
51916.52,강동구,동대문구
32560.04,강동구,중랑구
19671.93,강동구,성북구
7532.76,강동구,강북구
7402.15,강동구,도봉구
23086.77,강동구,노원구
6124.39,강동구,은평구
26609.25,강동구,서대문구
35214.66,강동구,마포구
6151.03,강동구,양천구
22749.81,강동구,강서구
15536.96,강동구,구로구
12471.62,강동구,금천구
60703.14,강동구,영등포구
19083.56,강동구,동작구
16476.71,강동구,관악구
142722.77,강동구,서초구
345176.14,강동구,강남구
576017.28,강동구,송파구
2483117.54,강동구,강동구
597.6899999999999,강동구,부산광역시
542.67,강동구,대구광역시
11151.97,강동구,중구
283.99,강동구,동구
1428.87,강동구,남구
2792.21,강동구,연수구
1812.18,강동구,남동구
2083.48,강동구,부평구
1336.49,강동구,계양구
4124.26,강동구,서구
1044.31,강동구,강화군
168.53,강동구,옹진군
325.19,강동구,광주광역시
2708.97,강동구,대전광역시
180.02,강동구,울산광역시
1046.27,강동구,세종특별자치시
2161.42,강동구,장안구
3260.5,강동구,권선구
2156.8,강동구,팔달구
7835.56,강동구,영통구
36020.14,강동구,수정구
20870.37,강동구,중원구
56656.03,강동구,분당구
11423.81,강동구,의정부시
2576.44,강동구,만안구
9614.79,강동구,동안구
4834.59,강동구,부천시
3316.58,강동구,광명시
4733.27,강동구,평택시
1520.72,강동구,동두천시
1244.63,강동구,상록구
3181.73,강동구,단원구
6304.33,강동구,덕양구
4807.39,강동구,일산동구
2328.92,강동구,일산서구
9842.42,강동구,과천시
36401.11,강동구,구리시
67448.79,강동구,남양주시
1440.6,강동구,오산시
3061.77,강동구,시흥시
3116.95,강동구,군포시
4204.62,강동구,의왕시
392464.1,강동구,하남시
11735.63,강동구,용인시
11040.26,강동구,용인시
6164.24,강동구,용인시
6437.95,강동구,파주시
19338.97,강동구,이천시
4427.97,강동구,안성시
3878.1,강동구,김포시
17259.35,강동구,화성시
45429.27,강동구,광주시
8419.039999999999,강동구,양주시
11233.59,강동구,포천시
6385.89,강동구,여주시
1024.51,강동구,연천군
8038.44,강동구,가평군
16204.07,강동구,양평군
24641.66,강동구,강원도
13309.78,강동구,충청북도
10763.59,강동구,충청남도
1798.84,강동구,전라북도
965.8,강동구,전라남도
2894.26,강동구,경상북도
664.88,강동구,경상남도
401.82,강동구,제주특별자치도
1798.58,부산광역시,종로구
2427.36,부산광역시,중구
1622.0,부산광역시,용산구
340.99,부산광역시,성동구
333.08,부산광역시,광진구
268.68,부산광역시,동대문구
109.94,부산광역시,중랑구
315.6,부산광역시,성북구
149.03,부산광역시,강북구
65.07,부산광역시,도봉구
167.04,부산광역시,노원구
164.49,부산광역시,은평구
1329.34,부산광역시,서대문구
841.47,부산광역시,마포구
427.49,부산광역시,양천구
3383.14,부산광역시,강서구
276.59,부산광역시,구로구
305.03,부산광역시,금천구
1527.16,부산광역시,영등포구
484.16,부산광역시,동작구
373.69,부산광역시,관악구
1703.54,부산광역시,서초구
5155.04,부산광역시,강남구
2098.85,부산광역시,송파구
326.19,부산광역시,강동구
2425.26,대구광역시,종로구
2693.02,대구광역시,중구
1552.97,대구광역시,용산구
422.16,대구광역시,성동구
596.55,대구광역시,광진구
312.26,대구광역시,동대문구
106.13,대구광역시,중랑구
485.97,대구광역시,성북구
189.04,대구광역시,강북구
106.31,대구광역시,도봉구
172.36,대구광역시,노원구
154.6,대구광역시,은평구
1342.19,대구광역시,서대문구
924.67,대구광역시,마포구
288.37,대구광역시,양천구
662.65,대구광역시,강서구
345.0,대구광역시,구로구
437.34,대구광역시,금천구
1351.32,대구광역시,영등포구
766.85,대구광역시,동작구
568.79,대구광역시,관악구
2148.22,대구광역시,서초구
5719.94,대구광역시,강남구
2001.54,대구광역시,송파구
455.2,대구광역시,강동구
8944.75,중구,종로구
12655.87,중구,중구
6996.2,중구,용산구
3675.89,중구,성동구
2506.09,중구,광진구
2483.5,중구,동대문구
1442.5,중구,중랑구
2960.84,중구,성북구
1259.63,중구,강북구
1336.6,중구,도봉구
2371.75,중구,노원구
3886.05,중구,은평구
7851.8,중구,서대문구
13899.42,중구,마포구
6973.61,중구,양천구
29826.72,중구,강서구
9022.8,중구,구로구
5026.43,중구,금천구
16440.96,중구,영등포구
4631.9,중구,동작구
4594.31,중구,관악구
8631.61,중구,서초구
15086.67,중구,강남구
5931.5,중구,송파구
2577.9,중구,강동구
1016.69,동구,종로구
2925.4,동구,중구
1206.43,동구,용산구
531.66,동구,성동구
229.5,동구,광진구
237.73,동구,동대문구
76.82,동구,중랑구
403.73,동구,성북구
51.84,동구,강북구
48.19,동구,도봉구
156.2,동구,노원구
346.58,동구,은평구
890.8199999999999,동구,서대문구
1753.86,동구,마포구
516.12,동구,양천구
1763.35,동구,강서구
3572.26,동구,구로구
2229.18,동구,금천구
4536.06,동구,영등포구
814.89,동구,동작구
851.9,동구,관악구
1985.71,동구,서초구
2203.1,동구,강남구
741.66,동구,송파구
178.23,동구,강동구
11222.92,남구,종로구
19039.6,남구,중구
9310.12,남구,용산구
3904.2,남구,성동구
1986.0,남구,광진구
2330.06,남구,동대문구
585.04,남구,중랑구
1837.03,남구,성북구
787.32,남구,강북구
749.13,남구,도봉구
789.91,남구,노원구
1556.75,남구,은평구
6809.58,남구,서대문구
11407.95,남구,마포구
4773.14,남구,양천구
16296.94,남구,강서구
20993.12,남구,구로구
16843.87,남구,금천구
31937.13,남구,영등포구
5782.18,남구,동작구
8133.93,남구,관악구
14995.94,남구,서초구
23562.97,남구,강남구
6514.48,남구,송파구
1804.36,남구,강동구
7797.3,연수구,종로구
13742.41,연수구,중구
6916.33,연수구,용산구
2064.46,연수구,성동구
1561.76,연수구,광진구
1614.27,연수구,동대문구
410.39,연수구,중랑구
1430.28,연수구,성북구
624.92,연수구,강북구
420.64,연수구,도봉구
1093.45,연수구,노원구
1091.98,연수구,은평구
6166.53,연수구,서대문구
8553.36,연수구,마포구
4119.31,연수구,양천구
15166.0,연수구,강서구
13562.44,연수구,구로구
10704.8,연수구,금천구
18270.33,연수구,영등포구
4052.04,연수구,동작구
6281.08,연수구,관악구
18095.35,연수구,서초구
24711.14,연수구,강남구
8042.519999999999,연수구,송파구
1670.76,연수구,강동구
12463.42,남동구,종로구
20001.78,남동구,중구
9512.15,남동구,용산구
4195.45,남동구,성동구
2501.73,남동구,광진구
2179.3,남동구,동대문구
849.43,남동구,중랑구
2116.95,남동구,성북구
684.15,남동구,강북구
916.99,남동구,도봉구
1234.22,남동구,노원구
2383.26,남동구,은평구
7881.42,남동구,서대문구
13548.48,남동구,마포구
6855.19,남동구,양천구
19412.51,남동구,강서구
25343.57,남동구,구로구
21320.49,남동구,금천구
34062.68,남동구,영등포구
6176.61,남동구,동작구
11027.34,남동구,관악구
18074.22,남동구,서초구
26296.83,남동구,강남구
7857.47,남동구,송파구
2684.18,남동구,강동구
24825.38,부평구,종로구
43753.28,부평구,중구
22442.39,부평구,용산구
8648.17,부평구,성동구
4958.4,부평구,광진구
5614.06,부평구,동대문구
1743.25,부평구,중랑구
3700.28,부평구,성북구
1326.35,부평구,강북구
1380.6,부평구,도봉구
2207.03,부평구,노원구
3818.12,부평구,은평구
15633.34,부평구,서대문구
30496.41,부평구,마포구
14825.87,부평구,양천구
46532.04,부평구,강서구
59628.97,부평구,구로구
47193.8,부평구,금천구
81213.66,부평구,영등포구
17446.3,부평구,동작구
21692.84,부평구,관악구
38827.82,부평구,서초구
59804.87,부평구,강남구
12866.54,부평구,송파구
4802.83,부평구,강동구
12462.44,계양구,종로구
17603.49,계양구,중구
8393.44,계양구,용산구
3832.84,계양구,성동구
2202.8,계양구,광진구
2450.13,계양구,동대문구
1201.65,계양구,중랑구
1711.6,계양구,성북구
1060.15,계양구,강북구
740.6899999999999,계양구,도봉구
1477.56,계양구,노원구
3917.36,계양구,은평구
8987.24,계양구,서대문구
24060.65,계양구,마포구
12505.76,계양구,양천구
60035.01,계양구,강서구
17587.43,계양구,구로구
14054.16,계양구,금천구
30874.13,계양구,영등포구
5613.05,계양구,동작구
7215.63,계양구,관악구
14905.17,계양구,서초구
22641.85,계양구,강남구
6036.27,계양구,송파구
2180.65,계양구,강동구
28349.27,서구,종로구
51123.76,서구,중구
23028.09,서구,용산구
9904.48,서구,성동구
4811.72,서구,광진구
6559.95,서구,동대문구
1663.49,서구,중랑구
4629.68,서구,성북구
1538.14,서구,강북구
1581.37,서구,도봉구
2938.86,서구,노원구
8982.02,서구,은평구
23620.6,서구,서대문구
55303.33,서구,마포구
20939.59,서구,양천구
127171.83,서구,강서구
31664.28,서구,구로구
25017.99,서구,금천구
76074.58,서구,영등포구
12865.13,서구,동작구
13251.94,서구,관악구
32424.25,서구,서초구
51976.95,서구,강남구
14502.38,서구,송파구
4284.08,서구,강동구
920.14,강화군,종로구
753.74,강화군,중구
321.42,강화군,용산구
291.28000000000003,강화군,성동구
142.87,강화군,광진구
340.04,강화군,동대문구
121.29,강화군,중랑구
265.28,강화군,성북구
157.34,강화군,강북구
169.64,강화군,도봉구
338.39,강화군,노원구
597.62,강화군,은평구
1355.42,강화군,서대문구
1252.21,강화군,마포구
1329.41,강화군,양천구
4423.32,강화군,강서구
885.0,강화군,구로구
336.76,강화군,금천구
2094.43,강화군,영등포구
484.49,강화군,동작구
320.75,강화군,관악구
1037.53,강화군,서초구
1159.94,강화군,강남구
667.39,강화군,송파구
440.35,강화군,강동구
48.27,옹진군,종로구
45.870000000000005,옹진군,중구
51.04,옹진군,용산구
31.08,옹진군,성동구
9.8,옹진군,광진구
21.51,옹진군,동대문구
55.69,옹진군,중랑구
10.44,옹진군,성북구
29.4,옹진군,강북구
12.89,옹진군,도봉구
51.48,옹진군,노원구
64.78999999999999,옹진군,은평구
40.79,옹진군,서대문구
42.21,옹진군,마포구
60.760000000000005,옹진군,양천구
65.61,옹진군,강서구
138.42,옹진군,구로구
97.17,옹진군,금천구
112.3,옹진군,영등포구
46.1,옹진군,동작구
56.29,옹진군,관악구
140.06,옹진군,서초구
120.45,옹진군,강남구
92.96,옹진군,송파구
122.51,옹진군,강동구
1287.65,광주광역시,종로구
983.79,광주광역시,중구
2082.35,광주광역시,용산구
287.07,광주광역시,성동구
326.32,광주광역시,광진구
319.28,광주광역시,동대문구
72.69,광주광역시,중랑구
276.42,광주광역시,성북구
89.42,광주광역시,강북구
53.56,광주광역시,도봉구
236.75,광주광역시,노원구
143.53,광주광역시,은평구
905.12,광주광역시,서대문구
361.38,광주광역시,마포구
232.47,광주광역시,양천구
338.96,광주광역시,강서구
345.56,광주광역시,구로구
227.47,광주광역시,금천구
999.27,광주광역시,영등포구
480.24,광주광역시,동작구
287.45,광주광역시,관악구
2221.22,광주광역시,서초구
4860.66,광주광역시,강남구
2087.96,광주광역시,송파구
400.65,광주광역시,강동구
4283.99,대전광역시,종로구
6879.54,대전광역시,중구
4262.11,대전광역시,용산구
1077.99,대전광역시,성동구
1386.3,대전광역시,광진구
799.71,대전광역시,동대문구
370.63,대전광역시,중랑구
1197.57,대전광역시,성북구
256.0,대전광역시,강북구
281.37,대전광역시,도봉구
759.45,대전광역시,노원구
569.14,대전광역시,은평구
2632.49,대전광역시,서대문구
1921.13,대전광역시,마포구
637.49,대전광역시,양천구
1483.24,대전광역시,강서구
1243.13,대전광역시,구로구
1227.86,대전광역시,금천구
4198.35,대전광역시,영등포구
1522.23,대전광역시,동작구
1348.53,대전광역시,관악구
6963.69,대전광역시,서초구
10858.87,대전광역시,강남구
5539.77,대전광역시,송파구
1213.55,대전광역시,강동구
667.6,울산광역시,종로구
821.59,울산광역시,중구
414.59,울산광역시,용산구
211.89,울산광역시,성동구
144.29,울산광역시,광진구
78.43,울산광역시,동대문구
31.74,울산광역시,중랑구
211.57,울산광역시,성북구
34.25,울산광역시,강북구
27.31,울산광역시,도봉구
59.36,울산광역시,노원구
27.76,울산광역시,은평구
613.03,울산광역시,서대문구
198.04,울산광역시,마포구
126.88,울산광역시,양천구
147.8,울산광역시,강서구
88.1,울산광역시,구로구
102.23,울산광역시,금천구
329.32,울산광역시,영등포구
165.48,울산광역시,동작구
118.9,울산광역시,관악구
517.91,울산광역시,서초구
1865.43,울산광역시,강남구
756.52,울산광역시,송파구
103.84,울산광역시,강동구
3594.75,세종특별자치시,종로구
4436.11,세종특별자치시,중구
2966.59,세종특별자치시,용산구
625.0,세종특별자치시,성동구
478.21,세종특별자치시,광진구
320.03,세종특별자치시,동대문구
110.9,세종특별자치시,중랑구
418.94,세종특별자치시,성북구
135.01,세종특별자치시,강북구
112.57,세종특별자치시,도봉구
280.09,세종특별자치시,노원구
215.95,세종특별자치시,은평구
2120.93,세종특별자치시,서대문구
825.77,세종특별자치시,마포구
307.24,세종특별자치시,양천구
576.98,세종특별자치시,강서구
754.15,세종특별자치시,구로구
358.05,세종특별자치시,금천구
2853.52,세종특별자치시,영등포구
658.14,세종특별자치시,동작구
809.61,세종특별자치시,관악구
3992.95,세종특별자치시,서초구
5139.23,세종특별자치시,강남구
2605.33,세종특별자치시,송파구
391.48,세종특별자치시,강동구
9219.71,장안구,종로구
15430.28,장안구,중구
7114.73,장안구,용산구
3750.45,장안구,성동구
2151.54,장안구,광진구
2274.82,장안구,동대문구
787.45,장안구,중랑구
1255.68,장안구,성북구
375.87,장안구,강북구
389.66,장안구,도봉구
800.22,장안구,노원구
698.72,장안구,은평구
5069.16,장안구,서대문구
4906.87,장안구,마포구
1292.5,장안구,양천구
5831.78,장안구,강서구
9997.4,장안구,구로구
14379.29,장안구,금천구
13989.53,장안구,영등포구
5321.38,장안구,동작구
8883.15,장안구,관악구
33546.4,장안구,서초구
38198.52,장안구,강남구
11531.63,장안구,송파구
3907.19,장안구,강동구
8736.53,권선구,종로구
16249.84,권선구,중구
7992.59,권선구,용산구
3930.13,권선구,성동구
2552.84,권선구,광진구
2637.19,권선구,동대문구
699.56,권선구,중랑구
1620.26,권선구,성북구
588.62,권선구,강북구
525.31,권선구,도봉구
909.93,권선구,노원구
726.09,권선구,은평구
4894.53,권선구,서대문구
6477.86,권선구,마포구
1936.98,권선구,양천구
7207.96,권선구,강서구
9602.12,권선구,구로구
16274.23,권선구,금천구
18920.95,권선구,영등포구
5704.84,권선구,동작구
8524.06,권선구,관악구
32592.38,권선구,서초구
42704.96,권선구,강남구
13398.72,권선구,송파구
3384.45,권선구,강동구
5163.1,팔달구,종로구
10395.96,팔달구,중구
5095.93,팔달구,용산구
2629.09,팔달구,성동구
1874.52,팔달구,광진구
1503.37,팔달구,동대문구
300.88,팔달구,중랑구
996.43,팔달구,성북구
449.16,팔달구,강북구
379.6,팔달구,도봉구
582.99,팔달구,노원구
550.36,팔달구,은평구
2758.39,팔달구,서대문구
4644.19,팔달구,마포구
1094.69,팔달구,양천구
4042.38,팔달구,강서구
7147.22,팔달구,구로구
11876.83,팔달구,금천구
12834.03,팔달구,영등포구
3535.05,팔달구,동작구
5346.41,팔달구,관악구
20692.08,팔달구,서초구
26024.12,팔달구,강남구
8010.92,팔달구,송파구
2844.25,팔달구,강동구
11892.65,영통구,종로구
20603.51,영통구,중구
6191.44,영통구,용산구
5868.66,영통구,성동구
3401.96,영통구,광진구
2239.17,영통구,동대문구
878.8,영통구,중랑구
1925.43,영통구,성북구
315.65,영통구,강북구
436.5,영통구,도봉구
1283.17,영통구,노원구
717.12,영통구,은평구
4645.46,영통구,서대문구
5568.11,영통구,마포구
1113.81,영통구,양천구
6105.34,영통구,강서구
5692.34,영통구,구로구
7187.94,영통구,금천구
12090.81,영통구,영등포구
4174.46,영통구,동작구
7258.89,영통구,관악구
54166.41,영통구,서초구
74485.75,영통구,강남구
20529.61,영통구,송파구
5432.39,영통구,강동구
17073.01,수정구,종로구
24822.31,수정구,중구
9601.76,수정구,용산구
18879.61,수정구,성동구
13702.54,수정구,광진구
7819.24,수정구,동대문구
2886.97,수정구,중랑구
3629.08,수정구,성북구
982.55,수정구,강북구
1271.58,수정구,도봉구
2597.3,수정구,노원구
1286.84,수정구,은평구
5206.71,수정구,서대문구
7342.11,수정구,마포구
1775.84,수정구,양천구
6534.7,수정구,강서구
5564.24,수정구,구로구
5047.9,수정구,금천구
16328.52,수정구,영등포구
6176.78,수정구,동작구
7582.35,수정구,관악구
83947.87,수정구,서초구
206346.13,수정구,강남구
206367.95,수정구,송파구
27944.16,수정구,강동구
8299.9,중원구,종로구
14744.19,중원구,중구
5297.7,중원구,용산구
11468.5,중원구,성동구
8748.66,중원구,광진구
5137.33,중원구,동대문구
1629.63,중원구,중랑구
1980.49,중원구,성북구
789.65,중원구,강북구
922.85,중원구,도봉구
1600.84,중원구,노원구
975.39,중원구,은평구
3976.35,중원구,서대문구
4475.26,중원구,마포구
1176.8,중원구,양천구
3950.91,중원구,강서구
4340.76,중원구,구로구
2903.72,중원구,금천구
9133.62,중원구,영등포구
3480.64,중원구,동작구
3733.01,중원구,관악구
44652.48,중원구,서초구
92019.23,중원구,강남구
85553.62,중원구,송파구
16160.57,중원구,강동구
46557.21,분당구,종로구
76972.7,분당구,중구
23334.42,분당구,용산구
25818.87,분당구,성동구
19813.3,분당구,광진구
10559.54,분당구,동대문구
4465.21,분당구,중랑구
8502.42,분당구,성북구
2120.85,분당구,강북구
1744.8,분당구,도봉구
4233.24,분당구,노원구
2326.49,분당구,은평구
18749.38,분당구,서대문구
16094.03,분당구,마포구
3418.25,분당구,양천구
15692.91,분당구,강서구
12692.45,분당구,구로구
11361.14,분당구,금천구
38260.82,분당구,영등포구
12446.06,분당구,동작구
15259.8,분당구,관악구
182671.81,분당구,서초구
282018.45,분당구,강남구
108610.88,분당구,송파구
27210.59,분당구,강동구
67182.82,의정부시,종로구
75864.21,의정부시,중구
19671.17,의정부시,용산구
40126.6,의정부시,성동구
25281.24,의정부시,광진구
54505.45,의정부시,동대문구
36300.55,의정부시,중랑구
44335.67,의정부시,성북구
54561.74,의정부시,강북구
125260.61,의정부시,도봉구
171930.45,의정부시,노원구
9408.58,의정부시,은평구
14066.2,의정부시,서대문구
15975.98,의정부시,마포구
2901.67,의정부시,양천구
11535.49,의정부시,강서구
8143.65,의정부시,구로구
5797.98,의정부시,금천구
21931.5,의정부시,영등포구
6552.12,의정부시,동작구
4622.25,의정부시,관악구
38090.89,의정부시,서초구
79716.44,의정부시,강남구
36271.14,의정부시,송파구
18227.86,의정부시,강동구
15876.69,만안구,종로구
21754.19,만안구,중구
11171.07,만안구,용산구
3937.53,만안구,성동구
2804.89,만안구,광진구
2734.85,만안구,동대문구
707.27,만안구,중랑구
1897.48,만안구,성북구
612.95,만안구,강북구
631.79,만안구,도봉구
1103.5,만안구,노원구
2054.77,만안구,은평구
7668.71,만안구,서대문구
11206.18,만안구,마포구
5543.26,만안구,양천구
10758.61,만안구,강서구
30138.84,만안구,구로구
65851.03,만안구,금천구
40446.96,만안구,영등포구
13001.49,만안구,동작구
26033.99,만안구,관악구
33635.98,만안구,서초구
35380.1,만안구,강남구
12292.15,만안구,송파구
3365.92,만안구,강동구
25721.49,동안구,종로구
44445.81,동안구,중구
23518.39,동안구,용산구
10843.1,동안구,성동구
6277.33,동안구,광진구
4841.12,동안구,동대문구
1192.0,동안구,중랑구
4569.97,동안구,성북구
1302.26,동안구,강북구
891.92,동안구,도봉구
2031.24,동안구,노원구
1878.24,동안구,은평구
12288.56,동안구,서대문구
16430.97,동안구,마포구
4768.32,동안구,양천구
14658.83,동안구,강서구
22662.65,동안구,구로구
40165.21,동안구,금천구
42539.67,동안구,영등포구
19774.65,동안구,동작구
29655.56,동안구,관악구
92744.11,동안구,서초구
101182.87,동안구,강남구
27203.97,동안구,송파구
6459.6,동안구,강동구
60369.99,부천시,종로구
102367.42,부천시,중구
53117.4,부천시,용산구
20483.3,부천시,성동구
11357.07,부천시,광진구
13982.91,부천시,동대문구
3622.95,부천시,중랑구
9275.85,부천시,성북구
4246.97,부천시,강북구
3148.77,부천시,도봉구
4916.54,부천시,노원구
10621.85,부천시,은평구
37193.0,부천시,서대문구
68254.38,부천시,마포구
107079.07,부천시,양천구
174312.87,부천시,강서구
238002.19,부천시,구로구
109829.26,부천시,금천구
215084.99,부천시,영등포구
44875.23,부천시,동작구
55125.06,부천시,관악구
91439.96,부천시,서초구
133146.63,부천시,강남구
28284.93,부천시,송파구
10621.22,부천시,강동구
21371.43,광명시,종로구
35215.71,광명시,중구
18513.9,광명시,용산구
9180.24,광명시,성동구
5446.43,광명시,광진구
4944.84,광명시,동대문구
1134.1,광명시,중랑구
3168.54,광명시,성북구
1134.11,광명시,강북구
1150.67,광명시,도봉구
2154.33,광명시,노원구
3287.75,광명시,은평구
12797.94,광명시,서대문구
22143.41,광명시,마포구
26644.13,광명시,양천구
27608.24,광명시,강서구
177179.64,광명시,구로구
178518.57,광명시,금천구
89854.56,광명시,영등포구
26075.19,광명시,동작구
48033.63,광명시,관악구
48858.83,광명시,서초구
65756.99,광명시,강남구
13544.28,광명시,송파구
5513.22,광명시,강동구
4468.85,평택시,종로구
6792.97,평택시,중구
4774.93,평택시,용산구
1717.02,평택시,성동구
1729.07,평택시,광진구
1612.48,평택시,동대문구
642.06,평택시,중랑구
1143.82,평택시,성북구
493.49,평택시,강북구
600.18,평택시,도봉구
1101.89,평택시,노원구
847.91,평택시,은평구
2557.84,평택시,서대문구
2525.7,평택시,마포구
1161.35,평택시,양천구
3390.09,평택시,강서구
4792.42,평택시,구로구
4711.69,평택시,금천구
8271.38,평택시,영등포구
2607.96,평택시,동작구
3471.32,평택시,관악구
14664.92,평택시,서초구
16438.63,평택시,강남구
7792.94,평택시,송파구
1917.96,평택시,강동구
6276.53,동두천시,종로구
5330.11,동두천시,중구
1704.48,동두천시,용산구
2477.24,동두천시,성동구
1768.91,동두천시,광진구
4677.1,동두천시,동대문구
1795.62,동두천시,중랑구
2801.65,동두천시,성북구
3119.16,동두천시,강북구
6292.56,동두천시,도봉구
9188.17,동두천시,노원구
691.18,동두천시,은평구
1501.55,동두천시,서대문구
1271.18,동두천시,마포구
484.69,동두천시,양천구
807.42,동두천시,강서구
814.21,동두천시,구로구
215.2,동두천시,금천구
1869.22,동두천시,영등포구
787.92,동두천시,동작구
401.18,동두천시,관악구
2372.63,동두천시,서초구
4396.12,동두천시,강남구
1946.21,동두천시,송파구
1590.01,동두천시,강동구
7198.57,상록구,종로구
12298.88,상록구,중구
6537.37,상록구,용산구
3321.19,상록구,성동구
2883.97,상록구,광진구
2064.68,상록구,동대문구
1024.77,상록구,중랑구
1759.01,상록구,성북구
1304.94,상록구,강북구
569.49,상록구,도봉구
1081.6,상록구,노원구
1074.32,상록구,은평구
3883.91,상록구,서대문구
5342.63,상록구,마포구
2228.12,상록구,양천구
6058.49,상록구,강서구
12676.06,상록구,구로구
18066.62,상록구,금천구
15914.43,상록구,영등포구
5890.78,상록구,동작구
7957.87,상록구,관악구
22683.67,상록구,서초구
26678.1,상록구,강남구
7803.03,상록구,송파구
2746.9,상록구,강동구
6130.1,단원구,종로구
10699.12,단원구,중구
5657.98,단원구,용산구
2682.07,단원구,성동구
2269.15,단원구,광진구
2352.92,단원구,동대문구
660.11,단원구,중랑구
1819.97,단원구,성북구
1237.69,단원구,강북구
866.17,단원구,도봉구
970.11,단원구,노원구
1119.68,단원구,은평구
3550.61,단원구,서대문구
4495.13,단원구,마포구
2572.7,단원구,양천구
8108.06,단원구,강서구
11881.96,단원구,구로구
12951.46,단원구,금천구
13844.44,단원구,영등포구
4858.04,단원구,동작구
6571.91,단원구,관악구
16415.35,단원구,서초구
22417.56,단원구,강남구
7451.48,단원구,송파구
3832.55,단원구,강동구
118873.31,덕양구,종로구
129014.94,덕양구,중구
45742.34,덕양구,용산구
23803.45,덕양구,성동구
10190.18,덕양구,광진구
15564.96,덕양구,동대문구
5128.08,덕양구,중랑구
15544.64,덕양구,성북구
5316.55,덕양구,강북구
4856.26,덕양구,도봉구
8727.14,덕양구,노원구
269114.97,덕양구,은평구
111883.32,덕양구,서대문구
166402.68,덕양구,마포구
18425.78,덕양구,양천구
82354.62,덕양구,강서구
23432.21,덕양구,구로구
15450.46,덕양구,금천구
90726.31,덕양구,영등포구
14206.32,덕양구,동작구
11573.52,덕양구,관악구
58839.82,덕양구,서초구
94172.57,덕양구,강남구
23286.84,덕양구,송파구
9185.88,덕양구,강동구
41687.17,일산동구,종로구
51293.65,일산동구,중구
20748.16,일산동구,용산구
10283.65,일산동구,성동구
3888.62,일산동구,광진구
5645.25,일산동구,동대문구
1785.52,일산동구,중랑구
5586.98,일산동구,성북구
1566.71,일산동구,강북구
1951.12,일산동구,도봉구
4984.58,일산동구,노원구
38369.43,일산동구,은평구
32064.72,일산동구,서대문구
54166.1,일산동구,마포구
8459.78,일산동구,양천구
40189.62,일산동구,강서구
11457.09,일산동구,구로구
7675.34,일산동구,금천구
45300.23,일산동구,영등포구
7379.2,일산동구,동작구
5828.29,일산동구,관악구
24892.22,일산동구,서초구
38449.82,일산동구,강남구
9555.3,일산동구,송파구
3208.06,일산동구,강동구
32889.16,일산서구,종로구
45922.39,일산서구,중구
17464.48,일산서구,용산구
8053.54,일산서구,성동구
3521.08,일산서구,광진구
5049.39,일산서구,동대문구
1822.5,일산서구,중랑구
4453.1,일산서구,성북구
1458.95,일산서구,강북구
1456.88,일산서구,도봉구
2577.16,일산서구,노원구
22964.01,일산서구,은평구
28266.01,일산서구,서대문구
47380.11,일산서구,마포구
7052.83,일산서구,양천구
36830.58,일산서구,강서구
9855.65,일산서구,구로구
7807.96,일산서구,금천구
38629.52,일산서구,영등포구
6158.93,일산서구,동작구
5163.24,일산서구,관악구
22386.11,일산서구,서초구
34389.79,일산서구,강남구
9662.24,일산서구,송파구
3073.38,일산서구,강동구
13634.0,과천시,종로구
20160.09,과천시,중구
10594.21,과천시,용산구
4427.01,과천시,성동구
2426.7,과천시,광진구
1984.8,과천시,동대문구
860.04,과천시,중랑구
2774.05,과천시,성북구
1071.45,과천시,강북구
653.08,과천시,도봉구
1163.75,과천시,노원구
891.12,과천시,은평구
6890.23,과천시,서대문구
7774.35,과천시,마포구
1721.0,과천시,양천구
5806.85,과천시,강서구
6414.62,과천시,구로구
6282.95,과천시,금천구
17566.88,과천시,영등포구
14885.52,과천시,동작구
18815.71,과천시,관악구
90396.28,과천시,서초구
54920.44,과천시,강남구
13740.79,과천시,송파구
3087.74,과천시,강동구
26927.46,구리시,종로구
36221.16,구리시,중구
13068.11,구리시,용산구
36365.3,구리시,성동구
60160.94,구리시,광진구
36126.71,구리시,동대문구
71879.04,구리시,중랑구
12357.0,구리시,성북구
6665.63,구리시,강북구
7129.57,구리시,도봉구
35747.29,구리시,노원구
2945.48,구리시,은평구
7830.8,구리시,서대문구
11036.71,구리시,마포구
1756.18,구리시,양천구
7171.6,구리시,강서구
4485.39,구리시,구로구
3764.65,구리시,금천구
15013.87,구리시,영등포구
4264.82,구리시,동작구
3644.95,구리시,관악구
32875.44,구리시,서초구
90600.39,구리시,강남구
64184.67,구리시,송파구
49176.14,구리시,강동구
69451.12,남양주시,종로구
95143.06,남양주시,중구
36518.6,남양주시,용산구
75198.36,남양주시,성동구
78207.75,남양주시,광진구
93662.52,남양주시,동대문구
157627.33,남양주시,중랑구
47973.89,남양주시,성북구
25516.95,남양주시,강북구
33830.17,남양주시,도봉구
192934.32,남양주시,노원구
8927.84,남양주시,은평구
20727.58,남양주시,서대문구
26794.87,남양주시,마포구
4500.22,남양주시,양천구
16200.48,남양주시,강서구
12453.34,남양주시,구로구
9695.29,남양주시,금천구
33822.74,남양주시,영등포구
12412.48,남양주시,동작구
9384.73,남양주시,관악구
75881.51,남양주시,서초구
191376.91,남양주시,강남구
148008.76,남양주시,송파구
91554.35,남양주시,강동구
3913.27,오산시,종로구
5890.74,오산시,중구
3508.63,오산시,용산구
1407.0,오산시,성동구
1210.48,오산시,광진구
1287.52,오산시,동대문구
388.8,오산시,중랑구
1033.5,오산시,성북구
287.43,오산시,강북구
586.56,오산시,도봉구
546.93,오산시,노원구
317.03,오산시,은평구
1890.2,오산시,서대문구
1998.88,오산시,마포구
572.33,오산시,양천구
2540.16,오산시,강서구
3686.12,오산시,구로구
4577.5,오산시,금천구
5795.44,오산시,영등포구
1670.04,오산시,동작구
3162.65,오산시,관악구
13162.39,오산시,서초구
19820.02,오산시,강남구
5944.58,오산시,송파구
2361.52,오산시,강동구
11352.74,시흥시,종로구
18987.23,시흥시,중구
10588.38,시흥시,용산구
5395.07,시흥시,성동구
3609.53,시흥시,광진구
3672.13,시흥시,동대문구
1361.97,시흥시,중랑구
2708.65,시흥시,성북구
1637.81,시흥시,강북구
1024.91,시흥시,도봉구
1800.98,시흥시,노원구
2584.91,시흥시,은평구
6699.45,시흥시,서대문구
11426.61,시흥시,마포구
11332.37,시흥시,양천구
20565.79,시흥시,강서구
53498.27,시흥시,구로구
47233.18,시흥시,금천구
39947.31,시흥시,영등포구
12837.2,시흥시,동작구
27875.63,시흥시,관악구
33079.02,시흥시,서초구
41890.91,시흥시,강남구
12297.49,시흥시,송파구
4005.75,시흥시,강동구
14516.46,군포시,종로구
25058.06,군포시,중구
13935.82,군포시,용산구
5287.24,군포시,성동구
3669.81,군포시,광진구
3933.02,군포시,동대문구
938.82,군포시,중랑구
2481.67,군포시,성북구
899.31,군포시,강북구
844.71,군포시,도봉구
1216.01,군포시,노원구
1154.28,군포시,은평구
7439.54,군포시,서대문구
10678.08,군포시,마포구
2579.16,군포시,양천구
11280.51,군포시,강서구
19947.25,군포시,구로구
32610.59,군포시,금천구
31296.44,군포시,영등포구
11223.7,군포시,동작구
17643.66,군포시,관악구
52030.81,군포시,서초구
57111.32,군포시,강남구
14305.67,군포시,송파구
3993.7,군포시,강동구
9037.51,의왕시,종로구
14936.13,의왕시,중구
8901.14,의왕시,용산구
3708.54,의왕시,성동구
2085.16,의왕시,광진구
1956.98,의왕시,동대문구
794.8199999999999,의왕시,중랑구
1364.6,의왕시,성북구
486.5,의왕시,강북구
410.24,의왕시,도봉구
905.17,의왕시,노원구
726.37,의왕시,은평구
4652.84,의왕시,서대문구
5365.29,의왕시,마포구
2177.95,의왕시,양천구
5429.27,의왕시,강서구
8033.14,의왕시,구로구
13408.38,의왕시,금천구
13525.21,의왕시,영등포구
7724.93,의왕시,동작구
10207.54,의왕시,관악구
41776.23,의왕시,서초구
39530.36,의왕시,강남구
10308.91,의왕시,송파구
2801.18,의왕시,강동구
33437.64,하남시,종로구
48046.39,하남시,중구
17919.06,하남시,용산구
38404.49,하남시,성동구
47725.56,하남시,광진구
21285.49,하남시,동대문구
13511.83,하남시,중랑구
8455.01,하남시,성북구
3206.0,하남시,강북구
3430.49,하남시,도봉구
10096.13,하남시,노원구
2737.33,하남시,은평구
11835.89,하남시,서대문구
15368.22,하남시,마포구
3279.36,하남시,양천구
9766.96,하남시,강서구
6908.68,하남시,구로구
5751.21,하남시,금천구
26438.25,하남시,영등포구
8499.9,하남시,동작구
7216.06,하남시,관악구
74402.73,하남시,서초구
175914.85,하남시,강남구
303357.66,하남시,송파구
348700.26,하남시,강동구
6996.28,용인시,종로구
8868.64,용인시,중구
4282.91,용인시,용산구
3434.29,용인시,성동구
2551.24,용인시,광진구
2317.65,용인시,동대문구
1338.18,용인시,중랑구
1344.97,용인시,성북구
758.23,용인시,강북구
627.87,용인시,도봉구
1294.9,용인시,노원구
910.68,용인시,은평구
2553.85,용인시,서대문구
2807.14,용인시,마포구
1134.84,용인시,양천구
2408.22,용인시,강서구
3119.02,용인시,구로구
2855.77,용인시,금천구
5612.95,용인시,영등포구
2907.74,용인시,동작구
3341.49,용인시,관악구
22739.85,용인시,서초구
35694.48,용인시,강남구
15076.94,용인시,송파구
4194.94,용인시,강동구
21134.57,용인시,종로구
30558.93,용인시,중구
10929.88,용인시,용산구
10712.28,용인시,성동구
7871.26,용인시,광진구
4298.86,용인시,동대문구
1285.18,용인시,중랑구
3118.65,용인시,성북구
1253.15,용인시,강북구
970.86,용인시,도봉구
2194.67,용인시,노원구
1337.8,용인시,은평구
7512.12,용인시,서대문구
7823.27,용인시,마포구
1696.76,용인시,양천구
8355.13,용인시,강서구
6828.92,용인시,구로구
7119.69,용인시,금천구
16981.94,용인시,영등포구
6231.65,용인시,동작구
7399.41,용인시,관악구
85535.79,용인시,서초구
132348.63,용인시,강남구
45847.82,용인시,송파구
12186.61,용인시,강동구
26386.52,용인시,종로구
36622.06,용인시,중구
13943.19,용인시,용산구
12670.63,용인시,성동구
8841.04,용인시,광진구
4928.39,용인시,동대문구
1293.8,용인시,중랑구
3327.9,용인시,성북구
1408.72,용인시,강북구
824.43,용인시,도봉구
1706.39,용인시,노원구
1775.15,용인시,은평구
8903.79,용인시,서대문구
9070.19,용인시,마포구
1566.04,용인시,양천구
9280.38,용인시,강서구
7151.36,용인시,구로구
8020.22,용인시,금천구
22267.48,용인시,영등포구
8029.54,용인시,동작구
8641.41,용인시,관악구
123223.39,용인시,서초구
178088.2,용인시,강남구
53120.83,용인시,송파구
12976.15,용인시,강동구
25180.03,파주시,종로구
39554.94,파주시,중구
20053.11,파주시,용산구
8729.24,파주시,성동구
4196.19,파주시,광진구
5989.0,파주시,동대문구
1871.76,파주시,중랑구
5338.74,파주시,성북구
2564.21,파주시,강북구
3084.73,파주시,도봉구
3942.29,파주시,노원구
27185.72,파주시,은평구
25276.17,파주시,서대문구
49438.42,파주시,마포구
7009.29,파주시,양천구
35761.16,파주시,강서구
10326.9,파주시,구로구
7992.92,파주시,금천구
35182.07,파주시,영등포구
7285.11,파주시,동작구
5884.94,파주시,관악구
17753.45,파주시,서초구
26769.09,파주시,강남구
8635.48,파주시,송파구
3885.38,파주시,강동구
2058.38,이천시,종로구
2550.43,이천시,중구
1811.72,이천시,용산구
2033.52,이천시,성동구
2059.33,이천시,광진구
1397.76,이천시,동대문구
972.82,이천시,중랑구
1219.75,이천시,성북구
629.95,이천시,강북구
600.6999999999999,이천시,도봉구
2382.27,이천시,노원구
579.14,이천시,은평구
868.88,이천시,서대문구
1104.86,이천시,마포구
533.2,이천시,양천구
1198.15,이천시,강서구
1271.36,이천시,구로구
1051.11,이천시,금천구
1861.25,이천시,영등포구
1258.47,이천시,동작구
1854.44,이천시,관악구
9626.35,이천시,서초구
12869.56,이천시,강남구
11062.95,이천시,송파구
4933.78,이천시,강동구
1547.98,안성시,종로구
2235.28,안성시,중구
1012.49,안성시,용산구
775.08,안성시,성동구
1200.49,안성시,광진구
694.69,안성시,동대문구
811.79,안성시,중랑구
646.26,안성시,성북구
426.28,안성시,강북구
357.88,안성시,도봉구
782.5,안성시,노원구
405.55,안성시,은평구
640.67,안성시,서대문구
837.21,안성시,마포구
316.49,안성시,양천구
987.84,안성시,강서구
954.09,안성시,구로구
874.33,안성시,금천구
2013.83,안성시,영등포구
1135.74,안성시,동작구
1248.27,안성시,관악구
6351.88,안성시,서초구
5625.08,안성시,강남구
2841.51,안성시,송파구
1186.17,안성시,강동구
30616.62,김포시,종로구
48436.17,김포시,중구
21484.88,김포시,용산구
9553.29,김포시,성동구
4879.77,김포시,광진구
5237.55,김포시,동대문구
1740.19,김포시,중랑구
5639.73,김포시,성북구
1881.49,김포시,강북구
1744.48,김포시,도봉구
3148.42,김포시,노원구
11048.46,김포시,은평구
27598.41,김포시,서대문구
59451.26,김포시,마포구
33809.02,김포시,양천구
202833.4,김포시,강서구
25327.59,김포시,구로구
15784.79,김포시,금천구
95164.8,김포시,영등포구
14717.7,김포시,동작구
10934.4,김포시,관악구
36047.62,김포시,서초구
53205.93,김포시,강남구
14953.57,김포시,송파구
5140.84,김포시,강동구
15369.87,화성시,종로구
27487.89,화성시,중구
12033.72,화성시,용산구
7326.6,화성시,성동구
5271.25,화성시,광진구
3816.51,화성시,동대문구
1314.19,화성시,중랑구
2786.62,화성시,성북구
1452.27,화성시,강북구
1284.09,화성시,도봉구
2321.18,화성시,노원구
1829.63,화성시,은평구
8056.3,화성시,서대문구
9578.09,화성시,마포구
3142.53,화성시,양천구
10934.04,화성시,강서구
15715.19,화성시,구로구
19588.66,화성시,금천구
20869.53,화성시,영등포구
8267.29,화성시,동작구
13874.39,화성시,관악구
63504.05,화성시,서초구
86783.76,화성시,강남구
27901.44,화성시,송파구
8148.02,화성시,강동구
12151.19,광주시,종로구
17908.36,광주시,중구
8598.12,광주시,용산구
14119.01,광주시,성동구
13015.65,광주시,광진구
7009.53,광주시,동대문구
4361.19,광주시,중랑구
4299.88,광주시,성북구
2341.43,광주시,강북구
1999.3,광주시,도봉구
4774.01,광주시,노원구
1904.34,광주시,은평구
4606.74,광주시,서대문구
6030.15,광주시,마포구
1375.14,광주시,양천구
6558.27,광주시,강서구
4732.41,광주시,구로구
5454.28,광주시,금천구
11067.95,광주시,영등포구
6005.93,광주시,동작구
6186.76,광주시,관악구
59645.94,광주시,서초구
112743.28,광주시,강남구
80617.18,광주시,송파구
40502.44,광주시,강동구
25993.34,양주시,종로구
22959.44,양주시,중구
7499.59,양주시,용산구
12691.77,양주시,성동구
7639.66,양주시,광진구
16844.24,양주시,동대문구
12644.91,양주시,중랑구
13871.41,양주시,성북구
16316.4,양주시,강북구
30235.38,양주시,도봉구
40613.29,양주시,노원구
21628.04,양주시,은평구
7301.75,양주시,서대문구
7564.94,양주시,마포구
1577.94,양주시,양천구
5220.83,양주시,강서구
2893.83,양주시,구로구
1784.24,양주시,금천구
8135.4,양주시,영등포구
3399.07,양주시,동작구
2621.84,양주시,관악구
13384.54,양주시,서초구
28542.35,양주시,강남구
16401.75,양주시,송파구
8128.68,양주시,강동구
3211.99,포천시,종로구
2408.42,포천시,중구
1310.17,포천시,용산구
2667.09,포천시,성동구
3569.7,포천시,광진구
3225.91,포천시,동대문구
4222.92,포천시,중랑구
3106.06,포천시,성북구
3108.03,포천시,강북구
5998.54,포천시,도봉구
10779.07,포천시,노원구
1273.15,포천시,은평구
1174.0,포천시,서대문구
1131.96,포천시,마포구
686.92,포천시,양천구
1339.43,포천시,강서구
898.24,포천시,구로구
361.81,포천시,금천구
1541.33,포천시,영등포구
976.23,포천시,동작구
572.26,포천시,관악구
3798.33,포천시,서초구
6351.7,포천시,강남구
6311.2,포천시,송파구
3013.15,포천시,강동구
1736.53,여주시,종로구
1393.62,여주시,중구
801.8100000000001,여주시,용산구
906.59,여주시,성동구
1309.52,여주시,광진구
827.18,여주시,동대문구
790.14,여주시,중랑구
847.7,여주시,성북구
307.32,여주시,강북구
442.8,여주시,도봉구
656.47,여주시,노원구
452.11,여주시,은평구
618.22,여주시,서대문구
538.06,여주시,마포구
290.88,여주시,양천구
624.4,여주시,강서구
626.81,여주시,구로구
503.42,여주시,금천구
1132.16,여주시,영등포구
648.05,여주시,동작구
875.3100000000001,여주시,관악구
4710.99,여주시,서초구
6375.58,여주시,강남구
3636.32,여주시,송파구
2308.6,여주시,강동구
1071.01,연천군,종로구
596.03,연천군,중구
396.66,연천군,용산구
262.61,연천군,성동구
535.0699999999999,연천군,광진구
528.96,연천군,동대문구
310.9,연천군,중랑구
514.72,연천군,성북구
214.21,연천군,강북구
860.65,연천군,도봉구
1045.09,연천군,노원구
389.83,연천군,은평구
1407.23,연천군,서대문구
458.1,연천군,마포구
146.51,연천군,양천구
378.36,연천군,강서구
295.17,연천군,구로구
100.94,연천군,금천구
281.15,연천군,영등포구
206.66,연천군,동작구
90.24,연천군,관악구
361.99,연천군,서초구
747.9200000000001,연천군,강남구
368.32,연천군,송파구
453.0,연천군,강동구
2045.37,가평군,종로구
2205.83,가평군,중구
1832.0,가평군,용산구
1361.66,가평군,성동구
1659.11,가평군,광진구
2836.48,가평군,동대문구
3522.47,가평군,중랑구
1502.02,가평군,성북구
773.63,가평군,강북구
950.73,가평군,도봉구
3094.8,가평군,노원구
422.92,가평군,은평구
707.41,가평군,서대문구
1102.9,가평군,마포구
350.83,가평군,양천구
890.05,가평군,강서구
741.1899999999999,가평군,구로구
186.25,가평군,금천구
1115.35,가평군,영등포구
784.81,가평군,동작구
510.38,가평군,관악구
2119.75,가평군,서초구
4321.98,가평군,강남구
4803.93,가평군,송파구
3150.97,가평군,강동구
7733.09,양평군,종로구
8621.97,양평군,중구
3686.39,양평군,용산구
6802.78,양평군,성동구
5921.8,양평군,광진구
9800.18,양평군,동대문구
7356.26,양평군,중랑구
3249.27,양평군,성북구
1325.74,양평군,강북구
1298.6,양평군,도봉구
4089.72,양평군,노원구
821.07,양평군,은평구
2002.73,양평군,서대문구
2692.38,양평군,마포구
802.54,양평군,양천구
1760.21,양평군,강서구
1354.52,양평군,구로구
820.38,양평군,금천구
3898.52,양평군,영등포구
2521.58,양평군,동작구
1413.96,양평군,관악구
8646.82,양평군,서초구
15793.94,양평군,강남구
16797.02,양평군,송파구
14229.31,양평군,강동구
9110.21,강원도,종로구
9696.44,강원도,중구
6375.99,강원도,용산구
5071.3,강원도,성동구
8855.6,강원도,광진구
7358.84,강원도,동대문구
5420.78,강원도,중랑구
4178.37,강원도,성북구
2009.76,강원도,강북구
1910.56,강원도,도봉구
5764.34,강원도,노원구
1966.36,강원도,은평구
5077.0,강원도,서대문구
3473.81,강원도,마포구
1624.32,강원도,양천구
4881.36,강원도,강서구
2741.83,강원도,구로구
1491.35,강원도,금천구
6167.8,강원도,영등포구
3044.73,강원도,동작구
2774.93,강원도,관악구
13728.42,강원도,서초구
22079.82,강원도,강남구
20821.12,강원도,송파구
8517.8,강원도,강동구
6094.93,충청북도,종로구
6050.95,충청북도,중구
4198.41,충청북도,용산구
2112.86,충청북도,성동구
4405.65,충청북도,광진구
2435.74,충청북도,동대문구
1636.17,충청북도,중랑구
1875.97,충청북도,성북구
833.05,충청북도,강북구
1169.73,충청북도,도봉구
2086.24,충청북도,노원구
955.07,충청북도,은평구
3214.41,충청북도,서대문구
1963.03,충청북도,마포구
1171.75,충청북도,양천구
2531.12,충청북도,강서구
2329.4,충청북도,구로구
1324.15,충청북도,금천구
4820.63,충청북도,영등포구
2361.68,충청북도,동작구
2255.39,충청북도,관악구
13602.48,충청북도,서초구
16646.99,충청북도,강남구
14518.03,충청북도,송파구
4468.32,충청북도,강동구
10872.85,충청남도,종로구
12362.93,충청남도,중구
9931.47,충청남도,용산구
3648.84,충청남도,성동구
3582.36,충청남도,광진구
3246.09,충청남도,동대문구
1584.93,충청남도,중랑구
2888.72,충청남도,성북구
1350.74,충청남도,강북구
1110.13,충청남도,도봉구
1967.43,충청남도,노원구
1935.44,충청남도,은평구
6602.01,충청남도,서대문구
4850.31,충청남도,마포구
3255.43,충청남도,양천구
6639.46,충청남도,강서구
7820.9,충청남도,구로구
6153.8,충청남도,금천구
12880.83,충청남도,영등포구
5316.44,충청남도,동작구
5175.69,충청남도,관악구
23746.65,충청남도,서초구
27105.32,충청남도,강남구
13739.04,충청남도,송파구
3940.22,충청남도,강동구
2203.74,전라북도,종로구
1910.77,전라북도,중구
2495.44,전라북도,용산구
581.01,전라북도,성동구
1050.81,전라북도,광진구
525.88,전라북도,동대문구
314.29,전라북도,중랑구
683.25,전라북도,성북구
447.32,전라북도,강북구
237.89,전라북도,도봉구
614.38,전라북도,노원구
515.3,전라북도,은평구
1754.38,전라북도,서대문구
865.26,전라북도,마포구
557.11,전라북도,양천구
1069.08,전라북도,강서구
805.76,전라북도,구로구
424.15,전라북도,금천구
1849.23,전라북도,영등포구
1193.3,전라북도,동작구
707.15,전라북도,관악구
5306.45,전라북도,서초구
6768.11,전라북도,강남구
4832.29,전라북도,송파구
961.63,전라북도,강동구
1059.08,전라남도,종로구
657.8199999999999,전라남도,중구
1520.54,전라남도,용산구
356.19,전라남도,성동구
251.25,전라남도,광진구
148.89,전라남도,동대문구
139.7,전라남도,중랑구
265.56,전라남도,성북구
163.42,전라남도,강북구
89.72,전라남도,도봉구
201.9,전라남도,노원구
159.93,전라남도,은평구
1030.14,전라남도,서대문구
266.85,전라남도,마포구
382.67,전라남도,양천구
625.72,전라남도,강서구
316.39,전라남도,구로구
158.91,전라남도,금천구
507.85,전라남도,영등포구
421.92,전라남도,동작구
335.37,전라남도,관악구
1386.71,전라남도,서초구
3334.19,전라남도,강남구
1932.1,전라남도,송파구
430.95,전라남도,강동구
3283.57,경상북도,종로구
2373.76,경상북도,중구
1985.08,경상북도,용산구
781.48,경상북도,성동구
1181.49,경상북도,광진구
1404.94,경상북도,동대문구
454.96,경상북도,중랑구
974.51,경상북도,성북구
349.51,경상북도,강북구
349.94,경상북도,도봉구
620.52,경상북도,노원구
406.9,경상북도,은평구
2439.12,경상북도,서대문구
770.89,경상북도,마포구
538.01,경상북도,양천구
934.23,경상북도,강서구
502.28,경상북도,구로구
378.85,경상북도,금천구
1592.27,경상북도,영등포구
975.18,경상북도,동작구
951.61,경상북도,관악구
4107.13,경상북도,서초구
7084.96,경상북도,강남구
5021.78,경상북도,송파구
1194.86,경상북도,강동구
1048.44,경상남도,종로구
1385.46,경상남도,중구
964.93,경상남도,용산구
182.11,경상남도,성동구
304.01,경상남도,광진구
244.56,경상남도,동대문구
114.8,경상남도,중랑구
276.78,경상남도,성북구
128.29,경상남도,강북구
69.17999999999999,경상남도,도봉구
169.41,경상남도,노원구
83.92,경상남도,은평구
854.35,경상남도,서대문구
371.13,경상남도,마포구
211.07,경상남도,양천구
591.95,경상남도,강서구
218.23,경상남도,구로구
174.61,경상남도,금천구
627.31,경상남도,영등포구
298.51,경상남도,동작구
270.07,경상남도,관악구
2150.67,경상남도,서초구
2773.64,경상남도,강남구
1601.54,경상남도,송파구
379.85,경상남도,강동구
605.86,제주특별자치도,종로구
384.22,제주특별자치도,중구
197.35,제주특별자치도,용산구
123.27,제주특별자치도,성동구
113.93,제주특별자치도,광진구
78.74,제주특별자치도,동대문구
37.24,제주특별자치도,중랑구
122.91,제주특별자치도,성북구
45.34,제주특별자치도,강북구
50.45,제주특별자치도,도봉구
84.69,제주특별자치도,노원구
193.87,제주특별자치도,은평구
607.0,제주특별자치도,서대문구
316.0,제주특별자치도,마포구
339.4,제주특별자치도,양천구
5890.17,제주특별자치도,강서구
223.95,제주특별자치도,구로구
66.8,제주특별자치도,금천구
557.24,제주특별자치도,영등포구
211.49,제주특별자치도,동작구
108.24,제주특별자치도,관악구
705.66,제주특별자치도,서초구
1079.05,제주특별자치도,강남구
472.52,제주특별자치도,송파구
193.94,제주특별자치도,강동구
